Workbook

Sheet ReadMe
A1: How to use this data file
A3: This file contains the raw data extracted for the systematic review: "Barrier Properties of Biobased and Biodegradable Food Plastics: a Systematic Review" (Sharon de Bondt, Wageningen University & Research). This sheet explains the structure of the workbook and how to read each sheet.
A4: 1. Overview of sheets
A5: The workbook contains six sheets. Read them in the following order:
A7: ReadMe
A8: This sheet. Start here for an explanation of the file structure.
A10: Data
A11: Main data sheet. Contains all screened articles with extracted barrier property data for included studies.
A13: ConversionFactors
A14: Conversion factors used to standardise barrier property values to a common target unit. Each row corresponds to one from-unit per barrier property.
A16: CriticalAppraisal
A17: Quality appraisal scores and criteria used to assess the methodological quality of screened studies.
... A85: - represents: What the code represents in terms of data, units, or permitted values. Where multiple options exist they are separated by a # symbol.

Sheet Data
A1: Article_ID | B1: Authors | C1: Title | D1: Year | E1: journal | F1: DOI | G1: Included_after_screening | H1: Quality_score | I1: Exclusion_reason | J1: Polymer_name | K1: Polymer_type | L1: Material_family | M1: Biobased | N1: Biodegradable | O1: Additives_present | P1: Additives_concentration_wt% | Q1: Processing_method | R1: Film_thickness_µm | S1: Film_thickness_SD_µm | T1: Film_thickness_replicates | U1: PO2_value | V1: PO2_SD | W1: PO2_unit | X1: PO2_conversion_factor | Y1: PO2_cm³·µm·m⁻²·d⁻¹·bar⁻¹ | Z1: PO2_SD_cm³·µm·m⁻²·d⁻¹·bar⁻¹ | AA1: PO2_standard | AB1: PO2_temperature_°C | AC1: PO2_RH_% | AD1: OTR_value | AE1: OTR_SD | AF1: OTR_unit | AG1: OTR_conversion_factor | AH1: OTR100_cm3·m-2·d-1·bar-1 | AI1: OTR100_SD_cm3·m-2·d-1·bar-1 | AJ1: OTR_standard | AK1: OTR_temperature_°C | AL1: OTR_RH_% | AM1: PCO2_value | AN1: PCO2_SD | AO1: PCO2_unit | AP1: PCO2_conversion_factor | AQ1: PCO2_cm³·µm·m⁻²·d⁻¹·bar⁻¹ | AR1: PCO2_SD_cm³·µm·m⁻²·d⁻¹·bar⁻¹ | AS1: PCO2_standard | AT1: PCO2_temperature_°C | AU1: PCO2_RH_% | AV1: CO2TR100_cm3·m-2·d-1·bar-1 | AW1: CO2TR100_SD_cm3·m-2·d-1·bar-1 | AX1: CO2TR_standard | AY1: CO2TR_temperature_°C | AZ1: CO2TR_RH_% | BA1: WVP_value | BB1: WVP_SD | BC1: WVP_unit | BD1: WVP_conversion_factor | BE1: WVP_g·µm·m-2·d-1·bar-1 | BF1: WVP_SD_g·µm·m-2·d-1 | BG1: WVP_standard | BH1: WVP_temperature_°C | BI1: WVP_RH_% | BJ1: WVP_psat_bar | BK1: WVP_Δp_bar | BL1: WVTR_value | BM1: WVTR_SD | BN1: WVTR_unit | BO1: WVTR_conversion_factor | BP1: WVTR100_g·m-2·d-1 | BQ1: WVTR100µm_SD_g·m-2·d-1 | BR1: WVTR_standard | BS1: WVTR_temperature_°C | BT1: WVTR_RH_% | BU1: Replicates | BV1: Reference_polymer | BW1: Reference_polymer_family | BX1: Reference_thickness_µm | BY1: Reference_PO2_value | BZ1: Reference_PO2_unit | CA1: Reference_PO2_conversion_factor | CB1: Reference_PO2_cm³·µm·m⁻²·d⁻¹·bar⁻¹ | CC1: Reference_PO2_T_°C | CD1: Reference_PO2_RH_% | CE1: Reference_OTR100_cm³·m⁻²·d⁻¹·bar⁻¹ | CF1: Reference_OTR_temperature°C | CG1: Reference_OTR_RH_% | CH1: Reference_PCO2_value | CI1: Reference_PCO2_unit | CJ1: Reference_PCO2_conversion_factor | CK1: Reference_PCO2_cm³·µm·m⁻²·d⁻¹·bar⁻¹ | CL1: Reference_PCO2_T_°C | CM1: Reference_PCO2_RH_% | CN1: Reference_COTR100_cm³·m⁻²·d⁻¹·bar⁻¹ | CO1: Reference_COTR_temperature°C | CP1: Reference_COTR_RH_% | CQ1: Reference_WVP_value | CR1: Reference_WVP_unit | CS1: Reference_WVP_conversion_factor | CT1: Reference_WVP_g·µm·m-2·d-1 | CU1: Reference_WVP_temperature°C | CV1: Reference_WVP_RH_% | CW1: Reference_WVP_psat_bar | CX1: Reference_WVP_Δp_bar | CY1: Reference_WVTR_value | CZ1: Reference_WVTR_unit | DA1: Reference_WVTR_conversion_factor | DB1: Reference_WVTR100_g·m-2·d-1 | DC1: Reference_WVTR_T_°C | DD1: Reference_WVTR_RH_% | DE1: Comparison_type | DF1: Food_contact_tested | DG1: Key_barrier_finding | DH1: Reviewer_notes
A2: 2 | B2: Demchenko, H.; Knaapila, M. | C2: Bio-Based Coatings and Free-Standing Films from Starch-Based Pickering Emulsions | D2: 2025 | E2: European journal of Lipid Science and Technology | F2: 10.1002/ejlt.70091 | G2: No | H2: NaN | I2: Test conditions (T, RH, thickness) for barrier properties not recorded | J2: NaN | K2: NaN | L2: NaN | M2: NaN | N2: NaN | O2: NaN | P2: NaN | Q2: NaN | R2: NaN | S2: NaN | T2: NaN | U2: NaN | V2: NaN | W2: NaN | X2: NaN | Y2: NaN | Z2: NaN | AA2: NaN | AB2: NaN | AC2: NaN | AD2: NaN | AE2: NaN | AF2: NaN | AG2: NaN | AH2: NaN | AI2: NaN | AJ2: NaN | AK2: NaN | AL2: NaN | AM2: NaN | AN2: NaN | AO2: NaN | AP2: NaN | AQ2: NaN | AR2: NaN | AS2: NaN | AT2: NaN | AU2: NaN | AV2: NaN | AW2: NaN | AX2: NaN | AY2: NaN | AZ2: NaN | BA2: NaN | BB2: NaN | BC2: NaN | BD2: NaN | BE2: NaN | BF2: NaN | BG2: NaN | BH2: NaN | BI2: NaN | BJ2: NaN | BK2: NaN | BL2: NaN | BM2: NaN | BN2: NaN | BO2: NaN | BP2: NaN | BQ2: NaN | BR2: NaN | BS2: NaN | BT2: NaN | BU2: NaN | BV2: NaN | BX2: NaN | BY2: NaN | BZ2: NaN | CA2: NaN | CB2: NaN | CC2: NaN | CD2: NaN | CE2: NaN | CF2: NaN | CG2: NaN | CH2: NaN | CI2: NaN | CJ2: NaN | CK2: NaN | CL2: NaN | CM2: NaN | CN2: NaN | CO2: NaN | CP2: NaN | CQ2: NaN | CR2: NaN | CS2: NaN | CT2: NaN | CU2: NaN | CV2: NaN | CW2: NaN | CX2: NaN | CY2: NaN | CZ2: NaN | DA2: NaN | DB2: NaN | DC2: NaN | DD2: NaN | DE2: NaN | DF2: NaN | DG2: NaN | DH2: NaN
A3: 3 | B3: Coltelli, M.-B.; Cartoni, F.; Panariello, L.; Aliotta, L.; Gigante, V.; Lazzeri, A. | C3: Assessing PLA/PBSA Films for Sustainable Packaging for Moist and Perishable Foods | D3: 2025 | E3: Polymers | F3: 10.3390/polym17233093 | G3: No | H3: NaN | I3: Test conditions (T, RH, thickness) for barrier properties not recorded | J3: NaN | K3: NaN | L3: NaN | M3: NaN | N3: NaN | O3: NaN | P3: NaN | Q3: NaN | R3: NaN | S3: NaN | T3: NaN | U3: NaN | V3: NaN | W3: NaN | X3: NaN | Y3: NaN | Z3: NaN | AA3: NaN | AB3: NaN | AC3: NaN | AD3: NaN | AE3: NaN | AF3: NaN | AG3: NaN | AH3: NaN | AI3: NaN | AJ3: NaN | AK3: NaN | AL3: NaN | AM3: NaN | AN3: NaN | AO3: NaN | AP3: NaN | AQ3: NaN | AR3: NaN | AS3: NaN | AT3: NaN | AU3: NaN | AV3: NaN | AW3: NaN | AX3: NaN | AY3: NaN | AZ3: NaN | BA3: NaN | BB3: NaN | BC3: NaN | BD3: NaN | BE3: NaN | BF3: NaN | BG3: NaN | BH3: NaN | BI3: NaN | BJ3: NaN | BK3: NaN | BL3: NaN | BM3: NaN | BN3: NaN | BO3: NaN | BP3: NaN | BQ3: NaN | BR3: NaN | BS3: NaN | BT3: NaN | BU3: NaN | BV3: NaN | BX3: NaN | BY3: NaN | BZ3: NaN | CA3: NaN | CB3: NaN | CC3: NaN | CD3: NaN | CE3: NaN | CF3: NaN | CG3: NaN | CH3: NaN | CI3: NaN | CJ3: NaN | CK3: NaN | CL3: NaN | CM3: NaN | CN3: NaN | CO3: NaN | CP3: NaN | CQ3: NaN | CR3: NaN | CS3: NaN | CT3: NaN | CU3: NaN | CV3: NaN | CW3: NaN | CX3: NaN | CY3: NaN | CZ3: NaN | DA3: NaN | DB3: NaN | DC3: NaN | DD3: NaN | DE3: NaN | DF3: NaN | DG3: NaN | DH3: NaN
A4: 4 | B4: Tassew, N.A.; Andualem, T.L.; Reddy Prasad, R.P.; Endeshaw, M.A.; Ramesh, R. | C4: Avocado seed starch bioplastic film reinforced with enset cellulose for Sustainable packaging | D4: 2025 | E4: Scientific Reports | F4: 10.1038/s41598-025-24935-3 | G4: No | H4: NaN | I4: Test conditions (T, RH, thickness) for barrier properties not recorded | J4: NaN | K4: NaN | L4: NaN | M4: NaN | N4: NaN | O4: NaN | P4: NaN | Q4: NaN | R4: NaN | S4: NaN | T4: NaN | U4: NaN | V4: NaN | W4: NaN | X4: NaN | Y4: NaN | Z4: NaN | AA4: NaN | AB4: NaN | AC4: NaN | AD4: NaN | AE4: NaN | AF4: NaN | AG4: NaN | AH4: NaN | AI4: NaN | AJ4: NaN | AK4: NaN | AL4: NaN | AM4: NaN | AN4: NaN | AO4: NaN | AP4: NaN | AQ4: NaN | AR4: NaN | AS4: NaN | AT4: NaN | AU4: NaN | AV4: NaN | AW4: NaN | AX4: NaN | AY4: NaN | AZ4: NaN | BA4: NaN | BB4: NaN | BC4: NaN | BD4: NaN | BE4: NaN | BF4: NaN | BG4: NaN | BH4: NaN | BI4: NaN | BJ4: NaN | BK4: NaN | BL4: NaN | BM4: NaN | BN4: NaN | BO4: NaN | BP4: NaN | BQ4: NaN | BR4: NaN | BS4: NaN | BT4: NaN | BU4: NaN | BV4: NaN | BX4: NaN | BY4: NaN | BZ4: NaN | CA4: NaN | CB4: NaN | CC4: NaN | CD4: NaN | CE4: NaN | CF4: NaN | CG4: NaN | CH4: NaN | CI4: NaN | CJ4: NaN | CK4: NaN | CL4: NaN | CM4: NaN | CN4: NaN | CO4: NaN | CP4: NaN | CQ4: NaN | CR4: NaN | CS4: NaN | CT4: NaN | CU4: NaN | CV4: NaN | CW4: NaN | CX4: NaN | CY4: NaN | CZ4: NaN | DA4: NaN | DB4: NaN | DC4: NaN | DD4: NaN | DE4: NaN | DF4: NaN | DG4: NaN | DH4: NaN
A5: 6 | B5: Chandrasekar, C.M.; Carullo, D.; Saitta, F.; Bellesia, T.; Caneva, E.; Baschieri, C.; Signorelli, M.; Barbiroli, A.G.; Fessas, D.; Farris, S.; Romano, D. | C5: Lipase-mediated bi-phasic modification of citrus pectin (MCP) and expedition of its packaging film characteristics | D5: 2025 | E5: International journal of Biological Macromolecules | F5: 10.1016/j.ijbiomac.2025.148727 | G5: No | H5: 0.71 | I5: QS < 0.8 | J5: NaN | K5: NaN | L5: NaN | M5: NaN | N5: NaN | O5: NaN | P5: NaN | Q5: NaN | R5: NaN | S5: NaN | T5: NaN | U5: NaN | V5: NaN | W5: NaN | X5: NaN | Y5: NaN | Z5: NaN | AA5: NaN | AB5: NaN | AC5: NaN | AD5: NaN | AE5: NaN | AF5: NaN | AG5: NaN | AH5: NaN | AI5: NaN | AJ5: NaN | AK5: NaN | AL5: NaN | AM5: NaN | AN5: NaN | AO5: NaN | AP5: NaN | AQ5: NaN | AR5: NaN | AS5: NaN | AT5: NaN | AU5: NaN | AV5: NaN | AW5: NaN | AX5: NaN | AY5: NaN | AZ5: NaN | BA5: NaN | BB5: NaN | BC5: NaN | BD5: NaN | BE5: NaN | BF5: NaN | BG5: NaN | BH5: NaN | BI5: NaN | BJ5: NaN | BK5: NaN | BL5: NaN | BM5: NaN | BN5: NaN | BO5: NaN | BP5: NaN | BQ5: NaN | BR5: NaN | BS5: NaN | BT5: NaN | BU5: NaN | BV5: NaN | BX5: NaN | BY5: NaN | BZ5: NaN | CA5: NaN | CB5: NaN | CC5: NaN | CD5: NaN | CE5: NaN | CF5: NaN | CG5: NaN | CH5: NaN | CI5: NaN | CJ5: NaN | CK5: NaN | CL5: NaN | CM5: NaN | CN5: NaN | CO5: NaN | CP5: NaN | CQ5: NaN | CR5: NaN | CS5: NaN | CT5: NaN | CU5: NaN | CV5: NaN | CW5: NaN | CX5: NaN | CY5: NaN | CZ5: NaN | DA5: NaN | DB5: NaN | DC5: NaN | DD5: NaN | DE5: NaN | DF5: NaN | DG5: NaN | DH5: NaN
A6: 6 | B6: Chandrasekar, C.M.; Carullo, D.; Saitta, F.; Bellesia, T.; Caneva, E.; Baschieri, C.; Signorelli, M.; Barbiroli, A.G.; Fessas, D.; Farris, S.; Romano, D. | C6: Lipase-mediated bi-phasic modification of citrus pectin (MCP) and expedition of its packaging film characteristics | D6: 2025 | E6: International journal of Biological Macromolecules | F6: 10.1016/j.ijbiomac.2025.148727 | G6: No | H6: 0.71 | I6: QS < 0.8 | J6: NaN | K6: NaN | L6: NaN | M6: NaN | N6: NaN | O6: NaN | P6: NaN | Q6: NaN | R6: NaN | S6: NaN | T6: NaN | U6: NaN | V6: NaN | W6: NaN | X6: NaN | Y6: NaN | Z6: NaN | AA6: NaN | AB6: NaN | AC6: NaN | AD6: NaN | AE6: NaN | AF6: NaN | AG6: NaN | AH6: NaN | AI6: NaN | AJ6: NaN | AK6: NaN | AL6: NaN | AM6: NaN | AN6: NaN | AO6: NaN | AP6: NaN | AQ6: NaN | AR6: NaN | AS6: NaN | AT6: NaN | AU6: NaN | AV6: NaN | AW6: NaN | AX6: NaN | AY6: NaN | AZ6: NaN | BA6: NaN | BB6: NaN | BC6: NaN | BD6: NaN | BE6: NaN | BF6: NaN | BG6: NaN | BH6: NaN | BI6: NaN | BJ6: NaN | BK6: NaN | BL6: NaN | BM6: NaN | BN6: NaN | BO6: NaN | BP6: NaN | BQ6: NaN | BR6: NaN | BS6: NaN | BT6: NaN | BU6: NaN | BV6: NaN | BX6: NaN | BY6: NaN | BZ6: NaN | CA6: NaN | CB6: NaN | CC6: NaN | CD6: NaN | CE6: NaN | CF6: NaN | CG6: NaN | CH6: NaN | CI6: NaN | CJ6: NaN | CK6: NaN | CL6: NaN | CM6: NaN | CN6: NaN | CO6: NaN | CP6: NaN | CQ6: NaN | CR6: NaN | CS6: NaN | CT6: NaN | CU6: NaN | CV6: NaN | CW6: NaN | CX6: NaN | CY6: NaN | CZ6: NaN | DA6: NaN | DB6: NaN | DC6: NaN | DD6: NaN | DE6: NaN | DF6: NaN | DG6: NaN | DH6: NaN
A7: 6 | B7: Chandrasekar, C.M.; Carullo, D.; Saitta, F.; Bellesia, T.; Caneva, E.; Baschieri, C.; Signorelli, M.; Barbiroli, A.G.; Fessas, D.; Farris, S.; Romano, D. | C7: Lipase-mediated bi-phasic modification of citrus pectin (MCP) and expedition of its packaging film characteristics | D7: 2025 | E7: International journal of Biological Macromolecules | F7: 10.1016/j.ijbiomac.2025.148727 | G7: No | H7: 0.71 | I7: QS < 0.8 | J7: NaN | K7: NaN | L7: NaN | M7: NaN | N7: NaN | O7: NaN | P7: NaN | Q7: NaN | R7: NaN | S7: NaN | T7: NaN | U7: NaN | V7: NaN | W7: NaN | X7: NaN | Y7: NaN | Z7: NaN | AA7: NaN | AB7: NaN | AC7: NaN | AD7: NaN | AE7: NaN | AF7: NaN | AG7: NaN | AH7: NaN | AI7: NaN | AJ7: NaN | AK7: NaN | AL7: NaN | AM7: NaN | AN7: NaN | AO7: NaN | AP7: NaN | AQ7: NaN | AR7: NaN | AS7: NaN | AT7: NaN | AU7: NaN | AV7: NaN | AW7: NaN | AX7: NaN | AY7: NaN | AZ7: NaN | BA7: NaN | BB7: NaN | BC7: NaN | BD7: NaN | BE7: NaN | BF7: NaN | BG7: NaN | BH7: NaN | BI7: NaN | BJ7: NaN | BK7: NaN | BL7: NaN | BM7: NaN | BN7: NaN | BO7: NaN | BP7: NaN | BQ7: NaN | BR7: NaN | BS7: NaN | BT7: NaN | BU7: NaN | BV7: NaN | BX7: NaN | BY7: NaN | BZ7: NaN | CA7: NaN | CB7: NaN | CC7: NaN | CD7: NaN | CE7: NaN | CF7: NaN | CG7: NaN | CH7: NaN | CI7: NaN | CJ7: NaN | CK7: NaN | CL7: NaN | CM7: NaN | CN7: NaN | CO7: NaN | CP7: NaN | CQ7: NaN | CR7: NaN | CS7: NaN | CT7: NaN | CU7: NaN | CV7: NaN | CW7: NaN | CX7: NaN | CY7: NaN | CZ7: NaN | DA7: NaN | DB7: NaN | DC7: NaN | DD7: NaN | DE7: NaN | DF7: NaN | DG7: NaN | DH7: NaN
A8: 6 | B8: Chandrasekar, C.M.; Carullo, D.; Saitta, F.; Bellesia, T.; Caneva, E.; Baschieri, C.; Signorelli, M.; Barbiroli, A.G.; Fessas, D.; Farris, S.; Romano, D. | C8: Lipase-mediated bi-phasic modification of citrus pectin (MCP) and expedition of its packaging film characteristics | D8: 2025 | E8: International journal of Biological Macromolecules | F8: 10.1016/j.ijbiomac.2025.148727 | G8: No | H8: 0.71 | I8: QS < 0.8 | J8: NaN | K8: NaN | L8: NaN | M8: NaN | N8: NaN | O8: NaN | P8: NaN | Q8: NaN | R8: NaN | S8: NaN | T8: NaN | U8: NaN | V8: NaN | W8: NaN | X8: NaN | Y8: NaN | Z8: NaN | AA8: NaN | AB8: NaN | AC8: NaN | AD8: NaN | AE8: NaN | AF8: NaN | AG8: NaN | AH8: NaN | AI8: NaN | AJ8: NaN | AK8: NaN | AL8: NaN | AM8: NaN | AN8: NaN | AO8: NaN | AP8: NaN | AQ8: NaN | AR8: NaN | AS8: NaN | AT8: NaN | AU8: NaN | AV8: NaN | AW8: NaN | AX8: NaN | AY8: NaN | AZ8: NaN | BA8: NaN | BB8: NaN | BC8: NaN | BD8: NaN | BE8: NaN | BF8: NaN | BG8: NaN | BH8: NaN | BI8: NaN | BJ8: NaN | BK8: NaN | BL8: NaN | BM8: NaN | BN8: NaN | BO8: NaN | BP8: NaN | BQ8: NaN | BR8: NaN | BS8: NaN | BT8: NaN | BU8: NaN | BV8: NaN | BX8: NaN | BY8: NaN | BZ8: NaN | CA8: NaN | CB8: NaN | CC8: NaN | CD8: NaN | CE8: NaN | CF8: NaN | CG8: NaN | CH8: NaN | CI8: NaN | CJ8: NaN | CK8: NaN | CL8: NaN | CM8: NaN | CN8: NaN | CO8: NaN | CP8: NaN | CQ8: NaN | CR8: NaN | CS8: NaN | CT8: NaN | CU8: NaN | CV8: NaN | CW8: NaN | CX8: NaN | CY8: NaN | CZ8: NaN | DA8: NaN | DB8: NaN | DC8: NaN | DD8: NaN | DE8: NaN | DF8: NaN | DG8: NaN | DH8: NaN
A9: 6 | B9: Chandrasekar, C.M.; Carullo, D.; Saitta, F.; Bellesia, T.; Caneva, E.; Baschieri, C.; Signorelli, M.; Barbiroli, A.G.; Fessas, D.; Farris, S.; Romano, D. | C9: Lipase-mediated bi-phasic modification of citrus pectin (MCP) and expedition of its packaging film characteristics | D9: 2025 | E9: International journal of Biological Macromolecules | F9: 10.1016/j.ijbiomac.2025.148727 | G9: No | H9: 0.71 | I9: QS < 0.8 | J9: NaN | K9: NaN | L9: NaN | M9: NaN | N9: NaN | O9: NaN | P9: NaN | Q9: NaN | R9: NaN | S9: NaN | T9: NaN | U9: NaN | V9: NaN | W9: NaN | X9: NaN | Y9: NaN | Z9: NaN | AA9: NaN | AB9: NaN | AC9: NaN | AD9: NaN | AE9: NaN | AF9: NaN | AG9: NaN | AH9: NaN | AI9: NaN | AJ9: NaN | AK9: NaN | AL9: NaN | AM9: NaN | AN9: NaN | AO9: NaN | AP9: NaN | AQ9: NaN | AR9: NaN | AS9: NaN | AT9: NaN | AU9: NaN | AV9: NaN | AW9: NaN | AX9: NaN | AY9: NaN | AZ9: NaN | BA9: NaN | BB9: NaN | BC9: NaN | BD9: NaN | BE9: NaN | BF9: NaN | BG9: NaN | BH9: NaN | BI9: NaN | BJ9: NaN | BK9: NaN | BL9: NaN | BM9: NaN | BN9: NaN | BO9: NaN | BP9: NaN | BQ9: NaN | BR9: NaN | BS9: NaN | BT9: NaN | BU9: NaN | BV9: NaN | BX9: NaN | BY9: NaN | BZ9: NaN | CA9: NaN | CB9: NaN | CC9: NaN | CD9: NaN | CE9: NaN | CF9: NaN | CG9: NaN | CH9: NaN | CI9: NaN | CJ9: NaN | CK9: NaN | CL9: NaN | CM9: NaN | CN9: NaN | CO9: NaN | CP9: NaN | CQ9: NaN | CR9: NaN | CS9: NaN | CT9: NaN | CU9: NaN | CV9: NaN | CW9: NaN | CX9: NaN | CY9: NaN | CZ9: NaN | DA9: NaN | DB9: NaN | DC9: NaN | DD9: NaN | DE9: NaN | DF9: NaN | DG9: NaN | DH9: NaN
A10: 6 | B10: Chandrasekar, C.M.; Carullo, D.; Saitta, F.; Bellesia, T.; Caneva, E.; Baschieri, C.; Signorelli, M.; Barbiroli, A.G.; Fessas, D.; Farris, S.; Romano, D. | C10: Lipase-mediated bi-phasic modification of citrus pectin (MCP) and expedition of its packaging film characteristics | D10: 2025 | E10: International journal of Biological Macromolecules | F10: 10.1016/j.ijbiomac.2025.148727 | G10: No | H10: 0.71 | I10: QS < 0.8 | J10: NaN | K10: NaN | L10: NaN | M10: NaN | N10: NaN | O10: NaN | P10: NaN | Q10: NaN | R10: NaN | S10: NaN | T10: NaN | U10: NaN | V10: NaN | W10: NaN | X10: NaN | Y10: NaN | Z10: NaN | AA10: NaN | AB10: NaN | AC10: NaN | AD10: NaN | AE10: NaN | AF10: NaN | AG10: NaN | AH10: NaN | AI10: NaN | AJ10: NaN | AK10: NaN | AL10: NaN | AM10: NaN | AN10: NaN | AO10: NaN | AP10: NaN | AQ10: NaN | AR10: NaN | AS10: NaN | AT10: NaN | AU10: NaN | AV10: NaN | AW10: NaN | AX10: NaN | AY10: NaN | AZ10: NaN | BA10: NaN | BB10: NaN | BC10: NaN | BD10: NaN | BE10: NaN | BF10: NaN | BG10: NaN | BH10: NaN | BI10: NaN | BJ10: NaN | BK10: NaN | BL10: NaN | BM10: NaN | BN10: NaN | BO10: NaN | BP10: NaN | BQ10: NaN | BR10: NaN | BS10: NaN | BT10: NaN | BU10: NaN | BV10: NaN | BX10: NaN | BY10: NaN | BZ10: NaN | CA10: NaN | CB10: NaN | CC10: NaN | CD10: NaN | CE10: NaN | CF10: NaN | CG10: NaN | CH10: NaN | CI10: NaN | CJ10: NaN | CK10: NaN | CL10: NaN | CM10: NaN | CN10: NaN | CO10: NaN | CP10: NaN | CQ10: NaN | CR10: NaN | CS10: NaN | CT10: NaN | CU10: NaN | CV10: NaN | CW10: NaN | CX10: NaN | CY10: NaN | CZ10: NaN | DA10: NaN | DB10: NaN | DC10: NaN | DD10: NaN | DE10: NaN | DF10: NaN | DG10: NaN | DH10: NaN
A11: 6 | B11: Chandrasekar, C.M.; Carullo, D.; Saitta, F.; Bellesia, T.; Caneva, E.; Baschieri, C.; Signorelli, M.; Barbiroli, A.G.; Fessas, D.; Farris, S.; Romano, D. | C11: Lipase-mediated bi-phasic modification of citrus pectin (MCP) and expedition of its packaging film characteristics | D11: 2025 | E11: International journal of Biological Macromolecules | F11: 10.1016/j.ijbiomac.2025.148727 | G11: No | H11: 0.71 | I11: QS < 0.8 | J11: NaN | K11: NaN | L11: NaN | M11: NaN | N11: NaN | O11: NaN | P11: NaN | Q11: NaN | R11: NaN | S11: NaN | T11: NaN | U11: NaN | V11: NaN | W11: NaN | X11: NaN | Y11: NaN | Z11: NaN | AA11: NaN | AB11: NaN | AC11: NaN | AD11: NaN | AE11: NaN | AF11: NaN | AG11: NaN | AH11: NaN | AI11: NaN | AJ11: NaN | AK11: NaN | AL11: NaN | AM11: NaN | AN11: NaN | AO11: NaN | AP11: NaN | AQ11: NaN | AR11: NaN | AS11: NaN | AT11: NaN | AU11: NaN | AV11: NaN | AW11: NaN | AX11: NaN | AY11: NaN | AZ11: NaN | BA11: NaN | BB11: NaN | BC11: NaN | BD11: NaN | BE11: NaN | BF11: NaN | BG11: NaN | BH11: NaN | BI11: NaN | BJ11: NaN | BK11: NaN | BL11: NaN | BM11: NaN | BN11: NaN | BO11: NaN | BP11: NaN | BQ11: NaN | BR11: NaN | BS11: NaN | BT11: NaN | BU11: NaN | BV11: NaN | BX11: NaN | BY11: NaN | BZ11: NaN | CA11: NaN | CB11: NaN | CC11: NaN | CD11: NaN | CE11: NaN | CF11: NaN | CG11: NaN | CH11: NaN | CI11: NaN | CJ11: NaN | CK11: NaN | CL11: NaN | CM11: NaN | CN11: NaN | CO11: NaN | CP11: NaN | CQ11: NaN | CR11: NaN | CS11: NaN | CT11: NaN | CU11: NaN | CV11: NaN | CW11: NaN | CX11: NaN | CY11: NaN | CZ11: NaN | DA11: NaN | DB11: NaN | DC11: NaN | DD11: NaN | DE11: NaN | DF11: NaN | DG11: NaN | DH11: NaN
A12: 6 | B12: Chandrasekar, C.M.; Carullo, D.; Saitta, F.; Bellesia, T.; Caneva, E.; Baschieri, C.; Signorelli, M.; Barbiroli, A.G.; Fessas, D.; Farris, S.; Romano, D. | C12: Lipase-mediated bi-phasic modification of citrus pectin (MCP) and expedition of its packaging film characteristics | D12: 2025 | E12: International journal of Biological Macromolecules | F12: 10.1016/j.ijbiomac.2025.148727 | G12: No | H12: 0.71 | I12: QS < 0.8 | J12: NaN | K12: NaN | L12: NaN | M12: NaN | N12: NaN | O12: NaN | P12: NaN | Q12: NaN | R12: NaN | S12: NaN | T12: NaN | U12: NaN | V12: NaN | W12: NaN | X12: NaN | Y12: NaN | Z12: NaN | AA12: NaN | AB12: NaN | AC12: NaN | AD12: NaN | AE12: NaN | AF12: NaN | AG12: NaN | AH12: NaN | AI12: NaN | AJ12: NaN | AK12: NaN | AL12: NaN | AM12: NaN | AN12: NaN | AO12: NaN | AP12: NaN | AQ12: NaN | AR12: NaN | AS12: NaN | AT12: NaN | AU12: NaN | AV12: NaN | AW12: NaN | AX12: NaN | AY12: NaN | AZ12: NaN | BA12: NaN | BB12: NaN | BC12: NaN | BD12: NaN | BE12: NaN | BF12: NaN | BG12: NaN | BH12: NaN | BI12: NaN | BJ12: NaN | BK12: NaN | BL12: NaN | BM12: NaN | BN12: NaN | BO12: NaN | BP12: NaN | BQ12: NaN | BR12: NaN | BS12: NaN | BT12: NaN | BU12: NaN | BV12: NaN | BX12: NaN | BY12: NaN | BZ12: NaN | CA12: NaN | CB12: NaN | CC12: NaN | CD12: NaN | CE12: NaN | CF12: NaN | CG12: NaN | CH12: NaN | CI12: NaN | CJ12: NaN | CK12: NaN | CL12: NaN | CM12: NaN | CN12: NaN | CO12: NaN | CP12: NaN | CQ12: NaN | CR12: NaN | CS12: NaN | CT12: NaN | CU12: NaN | CV12: NaN | CW12: NaN | CX12: NaN | CY12: NaN | CZ12: NaN | DA12: NaN | DB12: NaN | DC12: NaN | DD12: NaN | DE12: NaN | DF12: NaN | DG12: NaN | DH12: NaN
A13: 7 | B13: Baddigam, K.R.; Chee, B.S.; Guilloud, E.; Venkatesh, C.; Koninckx, H.; Windey, K.; Fournet, M.B.; Hedenqvist, M.; Svagan, A.J. | C13: High oxygen barrier packaging materials from protein-rich single-celled organisms | D13: 2025 | E13: Communications Chemistry | F13: 10.1038/s42004-025-01720-x | G13: No | H13: NaN | I13: Not a polymeric material | J13: NaN | K13: NaN | L13: NaN | M13: NaN | N13: NaN | O13: NaN | P13: NaN | Q13: NaN | R13: NaN | S13: NaN | T13: NaN | U13: NaN | V13: NaN | W13: NaN | X13: NaN | Y13: NaN | Z13: NaN | AA13: NaN | AB13: NaN | AC13: NaN | AD13: NaN | AE13: NaN | AF13: NaN | AG13: NaN | AH13: NaN | AI13: NaN | AJ13: NaN | AK13: NaN | AL13: NaN | AM13: NaN | AN13: NaN | AO13: NaN | AP13: NaN | AQ13: NaN | AR13: NaN | AS13: NaN | AT13: NaN | AU13: NaN | AV13: NaN | AW13: NaN | AX13: NaN | AY13: NaN | AZ13: NaN | BA13: NaN | BB13: NaN | BC13: NaN | BD13: NaN | BE13: NaN | BF13: NaN | BG13: NaN | BH13: NaN | BI13: NaN | BJ13: NaN | BK13: NaN | BL13: NaN | BM13: NaN | BN13: NaN | BO13: NaN | BP13: NaN | BQ13: NaN | BR13: NaN | BS13: NaN | BT13: NaN | BU13: NaN | BV13: NaN | BX13: NaN | BY13: NaN | BZ13: NaN | CA13: NaN | CB13: NaN | CC13: NaN | CD13: NaN | CE13: NaN | CF13: NaN | CG13: NaN | CH13: NaN | CI13: NaN | CJ13: NaN | CK13: NaN | CL13: NaN | CM13: NaN | CN13: NaN | CO13: NaN | CP13: NaN | CQ13: NaN | CR13: NaN | CS13: NaN | CT13: NaN | CU13: NaN | CV13: NaN | CW13: NaN | CX13: NaN | CY13: NaN | CZ13: NaN | DA13: NaN | DB13: NaN | DC13: NaN | DD13: NaN | DE13: NaN | DF13: NaN | DG13: NaN | DH13: NaN
A14: 8 | B14: Moody, F.; Claypole, A.; Woods, J.; Clifford, B.; Liu, Q.; Hardwick, C.; Phillips, C.; Deganello, D. | C14: Development of a pectin-based oxygen barrier coating for food packaging applications | D14: 2025 | E14: Future Foods | F14: 10.1016/j.fufo.2025.100766 | G14: No | H14: NaN | I14: Multilayer, composite or active packaging material | J14: NaN | K14: NaN | L14: NaN | M14: NaN | N14: NaN | O14: NaN | P14: NaN | Q14: NaN | R14: NaN | S14: NaN | T14: NaN | U14: NaN | V14: NaN | W14: NaN | X14: NaN | Y14: NaN | Z14: NaN | AA14: NaN | AB14: NaN | AC14: NaN | AD14: NaN | AE14: NaN | AF14: NaN | AG14: NaN | AH14: NaN | AI14: NaN | AJ14: NaN | AK14: NaN | AL14: NaN | AM14: NaN | AN14: NaN | AO14: NaN | AP14: NaN | AQ14: NaN | AR14: NaN | AS14: NaN | AT14: NaN | AU14: NaN | AV14: NaN | AW14: NaN | AX14: NaN | AY14: NaN | AZ14: NaN | BA14: NaN | BB14: NaN | BC14: NaN | BD14: NaN | BE14: NaN | BF14: NaN | BG14: NaN | BH14: NaN | BI14: NaN | BJ14: NaN | BK14: NaN | BL14: NaN | BM14: NaN | BN14: NaN | BO14: NaN | BP14: NaN | BQ14: NaN | BR14: NaN | BS14: NaN | BT14: NaN | BU14: NaN | BV14: NaN | BX14: NaN | BY14: NaN | BZ14: NaN | CA14: NaN | CB14: NaN | CC14: NaN | CD14: NaN | CE14: NaN | CF14: NaN | CG14: NaN | CH14: NaN | CI14: NaN | CJ14: NaN | CK14: NaN | CL14: NaN | CM14: NaN | CN14: NaN | CO14: NaN | CP14: NaN | CQ14: NaN | CR14: NaN | CS14: NaN | CT14: NaN | CU14: NaN | CV14: NaN | CW14: NaN | CX14: NaN | CY14: NaN | CZ14: NaN | DA14: NaN | DB14: NaN | DC14: NaN | DD14: NaN | DE14: NaN | DF14: NaN | DG14: NaN | DH14: NaN
A15: 9 | B15: Siracusa, C.; Manfroni, M.; Coatti, A.; Quartinello, F.; Soccio, M.; Lotti, N.; Guebitz, G.M.; Pellis, A. | C15: Mechanistic study of enzymatic hydrolysis of poly(butylene succinate)/poly(pentamethylene 2,5-furanoate)-based blend and block copolymer | D15: 2025 | E15: Polymer Degradation and Stability | F15: 10.1016/j.polymdegradstab.2025.111631 | G15: No | H15: NaN | I15: Test conditions (T, RH, thickness) for barrier properties not recorded | J15: NaN | K15: NaN | L15: NaN | M15: NaN | N15: NaN | O15: NaN | P15: NaN | Q15: NaN | R15: NaN | S15: NaN | T15: NaN | U15: NaN | V15: NaN | W15: NaN | X15: NaN | Y15: NaN | Z15: NaN | AA15: NaN | AB15: NaN | AC15: NaN | AD15: NaN | AE15: NaN | AF15: NaN | AG15: NaN | AH15: NaN | AI15: NaN | AJ15: NaN | AK15: NaN | AL15: NaN | AM15: NaN | AN15: NaN | AO15: NaN | AP15: NaN | AQ15: NaN | AR15: NaN | AS15: NaN | AT15: NaN | AU15: NaN | AV15: NaN | AW15: NaN | AX15: NaN | AY15: NaN | AZ15: NaN | BA15: NaN | BB15: NaN | BC15: NaN | BD15: NaN | BE15: NaN | BF15: NaN | BG15: NaN | BH15: NaN | BI15: NaN | BJ15: NaN | BK15: NaN | BL15: NaN | BM15: NaN | BN15: NaN | BO15: NaN | BP15: NaN | BQ15: NaN | BR15: NaN | BS15: NaN | BT15: NaN | BU15: NaN | BV15: NaN | BX15: NaN | BY15: NaN | BZ15: NaN | CA15: NaN | CB15: NaN | CC15: NaN | CD15: NaN | CE15: NaN | CF15: NaN | CG15: NaN | CH15: NaN | CI15: NaN | CJ15: NaN | CK15: NaN | CL15: NaN | CM15: NaN | CN15: NaN | CO15: NaN | CP15: NaN | CQ15: NaN | CR15: NaN | CS15: NaN | CT15: NaN | CU15: NaN | CV15: NaN | CW15: NaN | CX15: NaN | CY15: NaN | CZ15: NaN | DA15: NaN | DB15: NaN | DC15: NaN | DD15: NaN | DE15: NaN | DF15: NaN | DG15: NaN | DH15: NaN
A16: 10 | B16: Dhatt, P.S.; Hu, A.; Hu, C.; Huynh, V.; Dai, S.Y.; Yuan, J.S. | C16: Biomimetic layered, ecological, advanced, multi-functioNaNl film for Sustainable packaging | D16: 2025 | E16: Nature Communications | F16: 10.1038/s41467-025-61693-2 | G16: No | H16: NaN | I16: Multilayer, composite or active packaging material | J16: NaN | K16: NaN | L16: NaN | M16: NaN | N16: NaN | O16: NaN | P16: NaN | Q16: NaN | R16: NaN | S16: NaN | T16: NaN | U16: NaN | V16: NaN | W16: NaN | X16: NaN | Y16: NaN | Z16: NaN | AA16: NaN | AB16: NaN | AC16: NaN | AD16: NaN | AE16: NaN | AF16: NaN | AG16: NaN | AH16: NaN | AI16: NaN | AJ16: NaN | AK16: NaN | AL16: NaN | AM16: NaN | AN16: NaN | AO16: NaN | AP16: NaN | AQ16: NaN | AR16: NaN | AS16: NaN | AT16: NaN | AU16: NaN | AV16: NaN | AW16: NaN | AX16: NaN | AY16: NaN | AZ16: NaN | BA16: NaN | BB16: NaN | BC16: NaN | BD16: NaN | BE16: NaN | BF16: NaN | BG16: NaN | BH16: NaN | BI16: NaN | BJ16: NaN | BK16: NaN | BL16: NaN | BM16: NaN | BN16: NaN | BO16: NaN | BP16: NaN | BQ16: NaN | BR16: NaN | BS16: NaN | BT16: NaN | BU16: NaN | BV16: NaN | BX16: NaN | BY16: NaN | BZ16: NaN | CA16: NaN | CB16: NaN | CC16: NaN | CD16: NaN | CE16: NaN | CF16: NaN | CG16: NaN | CH16: NaN | CI16: NaN | CJ16: NaN | CK16: NaN | CL16: NaN | CM16: NaN | CN16: NaN | CO16: NaN | CP16: NaN | CQ16: NaN | CR16: NaN | CS16: NaN | CT16: NaN | CU16: NaN | CV16: NaN | CW16: NaN | CX16: NaN | CY16: NaN | CZ16: NaN | DA16: NaN | DB16: NaN | DC16: NaN | DD16: NaN | DE16: NaN | DF16: NaN | DG16: NaN | DH16: NaN
A17: 11 | B17: Pacheco-Romeralo, M.; Hernández-García, E.; Martínez de Ilarduya, A.; Janani, R.; Sammon, C.; Torres-Giner, S. | C17: Synthesis and characterization of copolyamide 1010/410 with varying putrescine contents for meat packaging applications | D17: 2025 | E17: Polymer Chemistry | F17: 10.1039/d5py00766f | G17: No | H17: NaN | I17: Test conditions (T, RH, thickness) for barrier properties not recorded | J17: NaN | K17: NaN | L17: NaN | M17: NaN | N17: NaN | O17: NaN | P17: NaN | Q17: NaN | R17: NaN | S17: NaN | T17: NaN | U17: NaN | V17: NaN | W17: NaN | X17: NaN | Y17: NaN | Z17: NaN | AA17: NaN | AB17: NaN | AC17: NaN | AD17: NaN | AE17: NaN | AF17: NaN | AG17: NaN | AH17: NaN | AI17: NaN | AJ17: NaN | AK17: NaN | AL17: NaN | AM17: NaN | AN17: NaN | AO17: NaN | AP17: NaN | AQ17: NaN | AR17: NaN | AS17: NaN | AT17: NaN | AU17: NaN | AV17: NaN | AW17: NaN | AX17: NaN | AY17: NaN | AZ17: NaN | BA17: NaN | BB17: NaN | BC17: NaN | BD17: NaN | BE17: NaN | BF17: NaN | BG17: NaN | BH17: NaN | BI17: NaN | BJ17: NaN | BK17: NaN | BL17: NaN | BM17: NaN | BN17: NaN | BO17: NaN | BP17: NaN | BQ17: NaN | BR17: NaN | BS17: NaN | BT17: NaN | BU17: NaN | BV17: NaN | BX17: NaN | BY17: NaN | BZ17: NaN | CA17: NaN | CB17: NaN | CC17: NaN | CD17: NaN | CE17: NaN | CF17: NaN | CG17: NaN | CH17: NaN | CI17: NaN | CJ17: NaN | CK17: NaN | CL17: NaN | CM17: NaN | CN17: NaN | CO17: NaN | CP17: NaN | CQ17: NaN | CR17: NaN | CS17: NaN | CT17: NaN | CU17: NaN | CV17: NaN | CW17: NaN | CX17: NaN | CY17: NaN | CZ17: NaN | DA17: NaN | DB17: NaN | DC17: NaN | DD17: NaN | DE17: NaN | DF17: NaN | DG17: NaN | DH17: NaN
A18: 12 | B18: Barros, A.C.O.D.; Silva, I.D.L.; Simões, A.N.; Pereira, J.F.Q.; Brito, A.M.S.S.; Vinhas, G.M. | C18: Production and Characterization of Bacterial Cellulose by Komagataeibacter hansenii UCP1619 Using the Fruit of Cereus jamacaru DC as an AlterNaNtive Medium | D18: 2025 | E18: journal of the Brazilian Chemical Society | F18: 10.21577/0103-5053.20250120 | G18: No | H18: NaN | I18: Test conditions (T, RH, thickness) for barrier properties not recorded | J18: NaN | K18: NaN | L18: NaN | M18: NaN | N18: NaN | O18: NaN | P18: NaN | Q18: NaN | R18: NaN | S18: NaN | T18: NaN | U18: NaN | V18: NaN | W18: NaN | X18: NaN | Y18: NaN | Z18: NaN | AA18: NaN | AB18: NaN | AC18: NaN | AD18: NaN | AE18: NaN | AF18: NaN | AG18: NaN | AH18: NaN | AI18: NaN | AJ18: NaN | AK18: NaN | AL18: NaN | AM18: NaN | AN18: NaN | AO18: NaN | AP18: NaN | AQ18: NaN | AR18: NaN | AS18: NaN | AT18: NaN | AU18: NaN | AV18: NaN | AW18: NaN | AX18: NaN | AY18: NaN | AZ18: NaN | BA18: NaN | BB18: NaN | BC18: NaN | BD18: NaN | BE18: NaN | BF18: NaN | BG18: NaN | BH18: NaN | BI18: NaN | BJ18: NaN | BK18: NaN | BL18: NaN | BM18: NaN | BN18: NaN | BO18: NaN | BP18: NaN | BQ18: NaN | BR18: NaN | BS18: NaN | BT18: NaN | BU18: NaN | BV18: NaN | BX18: NaN | BY18: NaN | BZ18: NaN | CA18: NaN | CB18: NaN | CC18: NaN | CD18: NaN | CE18: NaN | CF18: NaN | CG18: NaN | CH18: NaN | CI18: NaN | CJ18: NaN | CK18: NaN | CL18: NaN | CM18: NaN | CN18: NaN | CO18: NaN | CP18: NaN | CQ18: NaN | CR18: NaN | CS18: NaN | CT18: NaN | CU18: NaN | CV18: NaN | CW18: NaN | CX18: NaN | CY18: NaN | CZ18: NaN | DA18: NaN | DB18: NaN | DC18: NaN | DD18: NaN | DE18: NaN | DF18: NaN | DG18: NaN | DH18: NaN
A19: 13 | B19: Sun, T.; Ren, S.; Hu, J.; Zhang, J.; Liu, L.; Du, J.; Wang, X.; Deng, Y.; Yun, X.; Dong, T. | C19: Copolymerized and blended poly(L-lactic acid)-based films with potential for dairy packaging: Soil degradation behavior | D19: 2025 | E19: Industrial Crops and Products | F19: 10.1016/j.indcrop.2025.121583 | G19: No | H19: 0.64 | I19: QS < 0.8 | J19: NaN | K19: NaN | L19: NaN | M19: NaN | N19: NaN | O19: NaN | P19: NaN | Q19: NaN | R19: NaN | S19: NaN | T19: NaN | U19: NaN | V19: NaN | W19: NaN | X19: NaN | Y19: NaN | Z19: NaN | AA19: NaN | AB19: NaN | AC19: NaN | AD19: NaN | AE19: NaN | AF19: NaN | AG19: NaN | AH19: NaN | AI19: NaN | AJ19: NaN | AK19: NaN | AL19: NaN | AM19: NaN | AN19: NaN | AO19: NaN | AP19: NaN | AQ19: NaN | AR19: NaN | AS19: NaN | AT19: NaN | AU19: NaN | AV19: NaN | AW19: NaN | AX19: NaN | AY19: NaN | AZ19: NaN | BA19: NaN | BB19: NaN | BC19: NaN | BD19: NaN | BE19: NaN | BF19: NaN | BG19: NaN | BH19: NaN | BI19: NaN | BJ19: NaN | BK19: NaN | BL19: NaN | BM19: NaN | BN19: NaN | BO19: NaN | BP19: NaN | BQ19: NaN | BR19: NaN | BS19: NaN | BT19: NaN | BU19: NaN | BV19: NaN | BX19: NaN | BY19: NaN | BZ19: NaN | CA19: NaN | CB19: NaN | CC19: NaN | CD19: NaN | CE19: NaN | CF19: NaN | CG19: NaN | CH19: NaN | CI19: NaN | CJ19: NaN | CK19: NaN | CL19: NaN | CM19: NaN | CN19: NaN | CO19: NaN | CP19: NaN | CQ19: NaN | CR19: NaN | CS19: NaN | CT19: NaN | CU19: NaN | CV19: NaN | CW19: NaN | CX19: NaN | CY19: NaN | CZ19: NaN | DA19: NaN | DB19: NaN | DC19: NaN | DD19: NaN | DE19: NaN | DF19: NaN | DG19: NaN | DH19: NaN
A20: 14 | B20: Bulatović, V.O.; Kovač, M.; Kučić Grgić, D.K.; Mandić, V.; Jozinović, A. | C20: Designing Sustainable Packaging Materials: Citric Acid-Modified TPS/PLA Blends with Enhanced FunctioNaNl and Eco-Performance | D20: 2025 | E20: Polymers | F20: 10.3390/polym17192571 | G20: No | H20: NaN | I20: Test conditions (T, RH, thickness) for barrier properties not recorded | J20: NaN | K20: NaN | L20: NaN | M20: NaN | N20: NaN | O20: NaN | P20: NaN | Q20: NaN | R20: NaN | S20: NaN | T20: NaN | U20: NaN | V20: NaN | W20: NaN | X20: NaN | Y20: NaN | Z20: NaN | AA20: NaN | AB20: NaN | AC20: NaN | AD20: NaN | AE20: NaN | AF20: NaN | AG20: NaN | AH20: NaN | AI20: NaN | AJ20: NaN | AK20: NaN | AL20: NaN | AM20: NaN | AN20: NaN | AO20: NaN | AP20: NaN | AQ20: NaN | AR20: NaN | AS20: NaN | AT20: NaN | AU20: NaN | AV20: NaN | AW20: NaN | AX20: NaN | AY20: NaN | AZ20: NaN | BA20: NaN | BB20: NaN | BC20: NaN | BD20: NaN | BE20: NaN | BF20: NaN | BG20: NaN | BH20: NaN | BI20: NaN | BJ20: NaN | BK20: NaN | BL20: NaN | BM20: NaN | BN20: NaN | BO20: NaN | BP20: NaN | BQ20: NaN | BR20: NaN | BS20: NaN | BT20: NaN | BU20: NaN | BV20: NaN | BX20: NaN | BY20: NaN | BZ20: NaN | CA20: NaN | CB20: NaN | CC20: NaN | CD20: NaN | CE20: NaN | CF20: NaN | CG20: NaN | CH20: NaN | CI20: NaN | CJ20: NaN | CK20: NaN | CL20: NaN | CM20: NaN | CN20: NaN | CO20: NaN | CP20: NaN | CQ20: NaN | CR20: NaN | CS20: NaN | CT20: NaN | CU20: NaN | CV20: NaN | CW20: NaN | CX20: NaN | CY20: NaN | CZ20: NaN | DA20: NaN | DB20: NaN | DC20: NaN | DD20: NaN | DE20: NaN | DF20: NaN | DG20: NaN | DH20: NaN
A21: 15 | B21: Magouz, O.; Fayed, E.; Radhi, K.S.; Althobaiti, F.; Taha, A.A.; Kamel, R.M.; El-nawasany, L.I.; Abdin, M.; Abdelkarim, D.O.; Hamed, Y.S.; Younis, M. | C21: Eco-Friendly Innovation: Biodegradable and Oil-Resistant Bags From Lotus halophilus Extract, Polyvinyl Alcohol, and Guar Gum for Sustainable Food Packaging | D21: 2025 | E21: Food Science and Nutrition | F21: 10.1002/fsn3.71017 | G21: No | H21: NaN | I21: Multilayer, composite or active packaging material | J21: NaN | K21: NaN | L21: NaN | M21: NaN | N21: NaN | O21: NaN | P21: NaN | Q21: NaN | R21: NaN | S21: NaN | T21: NaN | U21: NaN | V21: NaN | W21: NaN | X21: NaN | Y21: NaN | Z21: NaN | AA21: NaN | AB21: NaN | AC21: NaN | AD21: NaN | AE21: NaN | AF21: NaN | AG21: NaN | AH21: NaN | AI21: NaN | AJ21: NaN | AK21: NaN | AL21: NaN | AM21: NaN | AN21: NaN | AO21: NaN | AP21: NaN | AQ21: NaN | AR21: NaN | AS21: NaN | AT21: NaN | AU21: NaN | AV21: NaN | AW21: NaN | AX21: NaN | AY21: NaN | AZ21: NaN | BA21: NaN | BB21: NaN | BC21: NaN | BD21: NaN | BE21: NaN | BF21: NaN | BG21: NaN | BH21: NaN | BI21: NaN | BJ21: NaN | BK21: NaN | BL21: NaN | BM21: NaN | BN21: NaN | BO21: NaN | BP21: NaN | BQ21: NaN | BR21: NaN | BS21: NaN | BT21: NaN | BU21: NaN | BV21: NaN | BX21: NaN | BY21: NaN | BZ21: NaN | CA21: NaN | CB21: NaN | CC21: NaN | CD21: NaN | CE21: NaN | CF21: NaN | CG21: NaN | CH21: NaN | CI21: NaN | CJ21: NaN | CK21: NaN | CL21: NaN | CM21: NaN | CN21: NaN | CO21: NaN | CP21: NaN | CQ21: NaN | CR21: NaN | CS21: NaN | CT21: NaN | CU21: NaN | CV21: NaN | CW21: NaN | CX21: NaN | CY21: NaN | CZ21: NaN | DA21: NaN | DB21: NaN | DC21: NaN | DD21: NaN | DE21: NaN | DF21: NaN | DG21: NaN | DH21: NaN
A22: 16 | B22: Bhatia, S.; Khan, T.S.; Alhadhrami, A.S.; Chinnam, S.; Shah, Y.A.; Philip, A.K.; Koca, E.; Aydemir, L.Y.; Al-Harrasi, A. | C22: Development of novel ecofriendly sodium algiNaNte-gelrite gellan gum composite films: Effects of glycerol and sorbitol | D22: 2025 | E22: journal of Vinyl and Additive Technology | F22: 10.1002/vnl.22187 | G22: No | H22: NaN | I22: Test conditions (T, RH, thickness) for barrier properties not recorded | J22: NaN | K22: NaN | L22: NaN | M22: NaN | N22: NaN | O22: NaN | P22: NaN | Q22: NaN | R22: NaN | S22: NaN | T22: NaN | U22: NaN | V22: NaN | W22: NaN | X22: NaN | Y22: NaN | Z22: NaN | AA22: NaN | AB22: NaN | AC22: NaN | AD22: NaN | AE22: NaN | AF22: NaN | AG22: NaN | AH22: NaN | AI22: NaN | AJ22: NaN | AK22: NaN | AL22: NaN | AM22: NaN | AN22: NaN | AO22: NaN | AP22: NaN | AQ22: NaN | AR22: NaN | AS22: NaN | AT22: NaN | AU22: NaN | AV22: NaN | AW22: NaN | AX22: NaN | AY22: NaN | AZ22: NaN | BA22: NaN | BB22: NaN | BC22: NaN | BD22: NaN | BE22: NaN | BF22: NaN | BG22: NaN | BH22: NaN | BI22: NaN | BJ22: NaN | BK22: NaN | BL22: NaN | BM22: NaN | BN22: NaN | BO22: NaN | BP22: NaN | BQ22: NaN | BR22: NaN | BS22: NaN | BT22: NaN | BU22: NaN | BV22: NaN | BX22: NaN | BY22: NaN | BZ22: NaN | CA22: NaN | CB22: NaN | CC22: NaN | CD22: NaN | CE22: NaN | CF22: NaN | CG22: NaN | CH22: NaN | CI22: NaN | CJ22: NaN | CK22: NaN | CL22: NaN | CM22: NaN | CN22: NaN | CO22: NaN | CP22: NaN | CQ22: NaN | CR22: NaN | CS22: NaN | CT22: NaN | CU22: NaN | CV22: NaN | CW22: NaN | CX22: NaN | CY22: NaN | CZ22: NaN | DA22: NaN | DB22: NaN | DC22: NaN | DD22: NaN | DE22: NaN | DF22: NaN | DG22: NaN | DH22: NaN
A23: 17 | B23: Gómez-Contreras, P.; Cháfer, M.; Chiralt, A.; González Martínez, C. | C23: Beer Bagasse as Filler for Starch-Based Biocomposite Films for Food Packaging Applications | D23: 2025 | E23: Biomass (Switzerland) | F23: 10.3390/biomass5030046 | G23: No | H23: NaN | I23: Multilayer, composite or active packaging material | J23: NaN | K23: NaN | L23: NaN | M23: NaN | N23: NaN | O23: NaN | P23: NaN | Q23: NaN | R23: NaN | S23: NaN | T23: NaN | U23: NaN | V23: NaN | W23: NaN | X23: NaN | Y23: NaN | Z23: NaN | AA23: NaN | AB23: NaN | AC23: NaN | AD23: NaN | AE23: NaN | AF23: NaN | AG23: NaN | AH23: NaN | AI23: NaN | AJ23: NaN | AK23: NaN | AL23: NaN | AM23: NaN | AN23: NaN | AO23: NaN | AP23: NaN | AQ23: NaN | AR23: NaN | AS23: NaN | AT23: NaN | AU23: NaN | AV23: NaN | AW23: NaN | AX23: NaN | AY23: NaN | AZ23: NaN | BA23: NaN | BB23: NaN | BC23: NaN | BD23: NaN | BE23: NaN | BF23: NaN | BG23: NaN | BH23: NaN | BI23: NaN | BJ23: NaN | BK23: NaN | BL23: NaN | BM23: NaN | BN23: NaN | BO23: NaN | BP23: NaN | BQ23: NaN | BR23: NaN | BS23: NaN | BT23: NaN | BU23: NaN | BV23: NaN | BX23: NaN | BY23: NaN | BZ23: NaN | CA23: NaN | CB23: NaN | CC23: NaN | CD23: NaN | CE23: NaN | CF23: NaN | CG23: NaN | CH23: NaN | CI23: NaN | CJ23: NaN | CK23: NaN | CL23: NaN | CM23: NaN | CN23: NaN | CO23: NaN | CP23: NaN | CQ23: NaN | CR23: NaN | CS23: NaN | CT23: NaN | CU23: NaN | CV23: NaN | CW23: NaN | CX23: NaN | CY23: NaN | CZ23: NaN | DA23: NaN | DB23: NaN | DC23: NaN | DD23: NaN | DE23: NaN | DF23: NaN | DG23: NaN | DH23: NaN
A24: 19 | B24: Muñoz-Shugulí, C.; Morán, D.; Velásquez, E.; López-Vilariño, J.M.; López de Dicastillo, C. | C24: Effect of Degradation During Multiple Primary Mechanical Recycling Processes on the Physical Properties and Biodegradation of Commercial PLA-Based Water Bottles | D24: 2025 | E24: Polymers | F24: 10.3390/polym17182542 | G24: No | H24: NaN | I24: Test conditions (T, RH, thickness) for barrier properties not recorded | J24: NaN | K24: NaN | L24: NaN | M24: NaN | N24: NaN | O24: NaN | P24: NaN | Q24: NaN | R24: NaN | S24: NaN | T24: NaN | U24: NaN | V24: NaN | W24: NaN | X24: NaN | Y24: NaN | Z24: NaN | AA24: NaN | AB24: NaN | AC24: NaN | AD24: NaN | AE24: NaN | AF24: NaN | AG24: NaN | AH24: NaN | AI24: NaN | AJ24: NaN | AK24: NaN | AL24: NaN | AM24: NaN | AN24: NaN | AO24: NaN | AP24: NaN | AQ24: NaN | AR24: NaN | AS24: NaN | AT24: NaN | AU24: NaN | AV24: NaN | AW24: NaN | AX24: NaN | AY24: NaN | AZ24: NaN | BA24: NaN | BB24: NaN | BC24: NaN | BD24: NaN | BE24: NaN | BF24: NaN | BG24: NaN | BH24: NaN | BI24: NaN | BJ24: NaN | BK24: NaN | BL24: NaN | BM24: NaN | BN24: NaN | BO24: NaN | BP24: NaN | BQ24: NaN | BR24: NaN | BS24: NaN | BT24: NaN | BU24: NaN | BV24: NaN | BX24: NaN | BY24: NaN | BZ24: NaN | CA24: NaN | CB24: NaN | CC24: NaN | CD24: NaN | CE24: NaN | CF24: NaN | CG24: NaN | CH24: NaN | CI24: NaN | CJ24: NaN | CK24: NaN | CL24: NaN | CM24: NaN | CN24: NaN | CO24: NaN | CP24: NaN | CQ24: NaN | CR24: NaN | CS24: NaN | CT24: NaN | CU24: NaN | CV24: NaN | CW24: NaN | CX24: NaN | CY24: NaN | CZ24: NaN | DA24: NaN | DB24: NaN | DC24: NaN | DD24: NaN | DE24: NaN | DF24: NaN | DG24: NaN | DH24: NaN
A25: 21 | B25: Sabzevari, S.; Farrokhzad, H.; Poorkhalil, A. | C25: Synthesis and characterization of a hydrogel film based on chitosan/carboxymethyl cellulose for food packaging applications | D25: 2025 | E25: Carbohydrate Polymer Technologies and Applications | F25: 10.1016/j.carpta.2025.100983 | G25: No | H25: NaN | I25: Multilayer, composite or active packaging material | J25: NaN | K25: NaN | L25: NaN | M25: NaN | N25: NaN | O25: NaN | P25: NaN | Q25: NaN | R25: NaN | S25: NaN | T25: NaN | U25: NaN | V25: NaN | W25: NaN | X25: NaN | Y25: NaN | Z25: NaN | AA25: NaN | AB25: NaN | AC25: NaN | AD25: NaN | AE25: NaN | AF25: NaN | AG25: NaN | AH25: NaN | AI25: NaN | AJ25: NaN | AK25: NaN | AL25: NaN | AM25: NaN | AN25: NaN | AO25: NaN | AP25: NaN | AQ25: NaN | AR25: NaN | AS25: NaN | AT25: NaN | AU25: NaN | AV25: NaN | AW25: NaN | AX25: NaN | AY25: NaN | AZ25: NaN | BA25: NaN | BB25: NaN | BC25: NaN | BD25: NaN | BE25: NaN | BF25: NaN | BG25: NaN | BH25: NaN | BI25: NaN | BJ25: NaN | BK25: NaN | BL25: NaN | BM25: NaN | BN25: NaN | BO25: NaN | BP25: NaN | BQ25: NaN | BR25: NaN | BS25: NaN | BT25: NaN | BU25: NaN | BV25: NaN | BX25: NaN | BY25: NaN | BZ25: NaN | CA25: NaN | CB25: NaN | CC25: NaN | CD25: NaN | CE25: NaN | CF25: NaN | CG25: NaN | CH25: NaN | CI25: NaN | CJ25: NaN | CK25: NaN | CL25: NaN | CM25: NaN | CN25: NaN | CO25: NaN | CP25: NaN | CQ25: NaN | CR25: NaN | CS25: NaN | CT25: NaN | CU25: NaN | CV25: NaN | CW25: NaN | CX25: NaN | CY25: NaN | CZ25: NaN | DA25: NaN | DB25: NaN | DC25: NaN | DD25: NaN | DE25: NaN | DF25: NaN | DG25: NaN | DH25: NaN
A26: 22 | B26: Zamanidehyaghoubi, G.; Shahidi, F.; Edalatian Dovom, M.R.; Mohebbi, M.; Roshanak, S. | C26: Investigating the effect of three different types and concentrations of plasticizers on physico-mechanical properties of pullulan food-packaging films | D26: 2025 | E26: Food Packaging and Shelf Life | F26: 10.1016/j.fpsl.2025.101590 | G26: No | H26: NaN | I26: Test conditions (T, RH, thickness) for barrier properties not recorded | J26: NaN | K26: NaN | L26: NaN | M26: NaN | N26: NaN | O26: NaN | P26: NaN | Q26: NaN | R26: NaN | S26: NaN | T26: NaN | U26: NaN | V26: NaN | W26: NaN | X26: NaN | Y26: NaN | Z26: NaN | AA26: NaN | AB26: NaN | AC26: NaN | AD26: NaN | AE26: NaN | AF26: NaN | AG26: NaN | AH26: NaN | AI26: NaN | AJ26: NaN | AK26: NaN | AL26: NaN | AM26: NaN | AN26: NaN | AO26: NaN | AP26: NaN | AQ26: NaN | AR26: NaN | AS26: NaN | AT26: NaN | AU26: NaN | AV26: NaN | AW26: NaN | AX26: NaN | AY26: NaN | AZ26: NaN | BA26: NaN | BB26: NaN | BC26: NaN | BD26: NaN | BE26: NaN | BF26: NaN | BG26: NaN | BH26: NaN | BI26: NaN | BJ26: NaN | BK26: NaN | BL26: NaN | BM26: NaN | BN26: NaN | BO26: NaN | BP26: NaN | BQ26: NaN | BR26: NaN | BS26: NaN | BT26: NaN | BU26: NaN | BV26: NaN | BX26: NaN | BY26: NaN | BZ26: NaN | CA26: NaN | CB26: NaN | CC26: NaN | CD26: NaN | CE26: NaN | CF26: NaN | CG26: NaN | CH26: NaN | CI26: NaN | CJ26: NaN | CK26: NaN | CL26: NaN | CM26: NaN | CN26: NaN | CO26: NaN | CP26: NaN | CQ26: NaN | CR26: NaN | CS26: NaN | CT26: NaN | CU26: NaN | CV26: NaN | CW26: NaN | CX26: NaN | CY26: NaN | CZ26: NaN | DA26: NaN | DB26: NaN | DC26: NaN | DD26: NaN | DE26: NaN | DF26: NaN | DG26: NaN | DH26: NaN
A27: 22 | B27: Zamanidehyaghoubi, G.; Shahidi, F.; Edalatian Dovom, M.R.; Mohebbi, M.; Roshanak, S. | C27: Investigating the effect of three different types and concentrations of plasticizers on physico-mechanical properties of pullulan food-packaging films | D27: 2025 | E27: Food Packaging and Shelf Life | F27: 10.1016/j.fpsl.2025.101590 | G27: No | H27: NaN | I27: Test conditions (T, RH, thickness) for barrier properties not recorded | J27: NaN | K27: NaN | L27: NaN | M27: NaN | N27: NaN | O27: NaN | P27: NaN | Q27: NaN | R27: NaN | S27: NaN | T27: NaN | U27: NaN | V27: NaN | W27: NaN | X27: NaN | Y27: NaN | Z27: NaN | AA27: NaN | AB27: NaN | AC27: NaN | AD27: NaN | AE27: NaN | AF27: NaN | AG27: NaN | AH27: NaN | AI27: NaN | AJ27: NaN | AK27: NaN | AL27: NaN | AM27: NaN | AN27: NaN | AO27: NaN | AP27: NaN | AQ27: NaN | AR27: NaN | AS27: NaN | AT27: NaN | AU27: NaN | AV27: NaN | AW27: NaN | AX27: NaN | AY27: NaN | AZ27: NaN | BA27: NaN | BB27: NaN | BC27: NaN | BD27: NaN | BE27: NaN | BF27: NaN | BG27: NaN | BH27: NaN | BI27: NaN | BJ27: NaN | BK27: NaN | BL27: NaN | BM27: NaN | BN27: NaN | BO27: NaN | BP27: NaN | BQ27: NaN | BR27: NaN | BS27: NaN | BT27: NaN | BU27: NaN | BV27: NaN | BX27: NaN | BY27: NaN | BZ27: NaN | CA27: NaN | CB27: NaN | CC27: NaN | CD27: NaN | CE27: NaN | CF27: NaN | CG27: NaN | CH27: NaN | CI27: NaN | CJ27: NaN | CK27: NaN | CL27: NaN | CM27: NaN | CN27: NaN | CO27: NaN | CP27: NaN | CQ27: NaN | CR27: NaN | CS27: NaN | CT27: NaN | CU27: NaN | CV27: NaN | CW27: NaN | CX27: NaN | CY27: NaN | CZ27: NaN | DA27: NaN | DB27: NaN | DC27: NaN | DD27: NaN | DE27: NaN | DF27: NaN | DG27: NaN | DH27: NaN
A28: 22 | B28: Zamanidehyaghoubi, G.; Shahidi, F.; Edalatian Dovom, M.R.; Mohebbi, M.; Roshanak, S. | C28: Investigating the effect of three different types and concentrations of plasticizers on physico-mechanical properties of pullulan food-packaging films | D28: 2025 | E28: Food Packaging and Shelf Life | F28: 10.1016/j.fpsl.2025.101590 | G28: No | H28: NaN | I28: Test conditions (T, RH, thickness) for barrier properties not recorded | J28: NaN | K28: NaN | L28: NaN | M28: NaN | N28: NaN | O28: NaN | P28: NaN | Q28: NaN | R28: NaN | S28: NaN | T28: NaN | U28: NaN | V28: NaN | W28: NaN | X28: NaN | Y28: NaN | Z28: NaN | AA28: NaN | AB28: NaN | AC28: NaN | AD28: NaN | AE28: NaN | AF28: NaN | AG28: NaN | AH28: NaN | AI28: NaN | AJ28: NaN | AK28: NaN | AL28: NaN | AM28: NaN | AN28: NaN | AO28: NaN | AP28: NaN | AQ28: NaN | AR28: NaN | AS28: NaN | AT28: NaN | AU28: NaN | AV28: NaN | AW28: NaN | AX28: NaN | AY28: NaN | AZ28: NaN | BA28: NaN | BB28: NaN | BC28: NaN | BD28: NaN | BE28: NaN | BF28: NaN | BG28: NaN | BH28: NaN | BI28: NaN | BJ28: NaN | BK28: NaN | BL28: NaN | BM28: NaN | BN28: NaN | BO28: NaN | BP28: NaN | BQ28: NaN | BR28: NaN | BS28: NaN | BT28: NaN | BU28: NaN | BV28: NaN | BX28: NaN | BY28: NaN | BZ28: NaN | CA28: NaN | CB28: NaN | CC28: NaN | CD28: NaN | CE28: NaN | CF28: NaN | CG28: NaN | CH28: NaN | CI28: NaN | CJ28: NaN | CK28: NaN | CL28: NaN | CM28: NaN | CN28: NaN | CO28: NaN | CP28: NaN | CQ28: NaN | CR28: NaN | CS28: NaN | CT28: NaN | CU28: NaN | CV28: NaN | CW28: NaN | CX28: NaN | CY28: NaN | CZ28: NaN | DA28: NaN | DB28: NaN | DC28: NaN | DD28: NaN | DE28: NaN | DF28: NaN | DG28: NaN | DH28: NaN
A29: 23 | B29: Bernabé Vírseda, I.; de la Orden, M.U.; Martínez Urreaga, J. | C29: Effects of chitosan thin barrier layers on the oxygen permeability and optical properties of poly(lactic acid) and poly(3-hydroxybutyrate-co-3-hydroxyvalerate) multilayers | D29: 2025 | E29: Carbohydrate Polymer Technologies and Applications | F29: 10.1016/j.carpta.2025.100918 | G29: No | H29: NaN | I29: Test conditions (T, RH, thickness) for barrier properties not recorded | J29: NaN | K29: NaN | L29: NaN | M29: NaN | N29: NaN | O29: NaN | P29: NaN | Q29: NaN | R29: NaN | S29: NaN | T29: NaN | U29: NaN | V29: NaN | W29: NaN | X29: NaN | Y29: NaN | Z29: NaN | AA29: NaN | AB29: NaN | AC29: NaN | AD29: NaN | AE29: NaN | AF29: NaN | AG29: NaN | AH29: NaN | AI29: NaN | AJ29: NaN | AK29: NaN | AL29: NaN | AM29: NaN | AN29: NaN | AO29: NaN | AP29: NaN | AQ29: NaN | AR29: NaN | AS29: NaN | AT29: NaN | AU29: NaN | AV29: NaN | AW29: NaN | AX29: NaN | AY29: NaN | AZ29: NaN | BA29: NaN | BB29: NaN | BC29: NaN | BD29: NaN | BE29: NaN | BF29: NaN | BG29: NaN | BH29: NaN | BI29: NaN | BJ29: NaN | BK29: NaN | BL29: NaN | BM29: NaN | BN29: NaN | BO29: NaN | BP29: NaN | BQ29: NaN | BR29: NaN | BS29: NaN | BT29: NaN | BU29: NaN | BV29: NaN | BX29: NaN | BY29: NaN | BZ29: NaN | CA29: NaN | CB29: NaN | CC29: NaN | CD29: NaN | CE29: NaN | CF29: NaN | CG29: NaN | CH29: NaN | CI29: NaN | CJ29: NaN | CK29: NaN | CL29: NaN | CM29: NaN | CN29: NaN | CO29: NaN | CP29: NaN | CQ29: NaN | CR29: NaN | CS29: NaN | CT29: NaN | CU29: NaN | CV29: NaN | CW29: NaN | CX29: NaN | CY29: NaN | CZ29: NaN | DA29: NaN | DB29: NaN | DC29: NaN | DD29: NaN | DE29: NaN | DF29: NaN | DG29: NaN | DH29: NaN
A30: 25 | B30: Jakubska, J.; Hudecki, A.; Kluska, D.; Grzybek, P.; Gołombek, K.; Pakieła, W.; Spałek, H.; Włodarczyk, P.; Kolano – Burian, A.; Dudek, G. | C30: Innovative Multilayer Biodegradable Films of Chitosan and PCL Fibers for Food Packaging | D30: 2025 | E30: Foods | F30: 10.3390/foods14142470 | G30: No | H30: NaN | I30: Test conditions (T, RH, thickness) for barrier properties not recorded | J30: NaN | K30: NaN | L30: NaN | M30: NaN | N30: NaN | O30: NaN | P30: NaN | Q30: NaN | R30: NaN | S30: NaN | T30: NaN | U30: NaN | V30: NaN | W30: NaN | X30: NaN | Y30: NaN | Z30: NaN | AA30: NaN | AB30: NaN | AC30: NaN | AD30: NaN | AE30: NaN | AF30: NaN | AG30: NaN | AH30: NaN | AI30: NaN | AJ30: NaN | AK30: NaN | AL30: NaN | AM30: NaN | AN30: NaN | AO30: NaN | AP30: NaN | AQ30: NaN | AR30: NaN | AS30: NaN | AT30: NaN | AU30: NaN | AV30: NaN | AW30: NaN | AX30: NaN | AY30: NaN | AZ30: NaN | BA30: NaN | BB30: NaN | BC30: NaN | BD30: NaN | BE30: NaN | BF30: NaN | BG30: NaN | BH30: NaN | BI30: NaN | BJ30: NaN | BK30: NaN | BL30: NaN | BM30: NaN | BN30: NaN | BO30: NaN | BP30: NaN | BQ30: NaN | BR30: NaN | BS30: NaN | BT30: NaN | BU30: NaN | BV30: NaN | BX30: NaN | BY30: NaN | BZ30: NaN | CA30: NaN | CB30: NaN | CC30: NaN | CD30: NaN | CE30: NaN | CF30: NaN | CG30: NaN | CH30: NaN | CI30: NaN | CJ30: NaN | CK30: NaN | CL30: NaN | CM30: NaN | CN30: NaN | CO30: NaN | CP30: NaN | CQ30: NaN | CR30: NaN | CS30: NaN | CT30: NaN | CU30: NaN | CV30: NaN | CW30: NaN | CX30: NaN | CY30: NaN | CZ30: NaN | DA30: NaN | DB30: NaN | DC30: NaN | DD30: NaN | DE30: NaN | DF30: NaN | DG30: NaN | DH30: NaN
A31: 26 | B31: Gennaro, M.; Büyüktaş, D.; Carullo, D.; Pinto, A.; Dallavalle, S.; Farris, S. | C31: UV-Shielding Biopolymer Coatings Loaded with Bioactive Compounds for Food Packaging Applications | D31: 2025 | E31: Coatings | F31: 10.3390/coatings15070741 | G31: No | H31: NaN | I31: Multilayer, composite or active packaging material | J31: NaN | K31: NaN | L31: NaN | M31: NaN | N31: NaN | O31: NaN | P31: NaN | Q31: NaN | R31: NaN | S31: NaN | T31: NaN | U31: NaN | V31: NaN | W31: NaN | X31: NaN | Y31: NaN | Z31: NaN | AA31: NaN | AB31: NaN | AC31: NaN | AD31: NaN | AE31: NaN | AF31: NaN | AG31: NaN | AH31: NaN | AI31: NaN | AJ31: NaN | AK31: NaN | AL31: NaN | AM31: NaN | AN31: NaN | AO31: NaN | AP31: NaN | AQ31: NaN | AR31: NaN | AS31: NaN | AT31: NaN | AU31: NaN | AV31: NaN | AW31: NaN | AX31: NaN | AY31: NaN | AZ31: NaN | BA31: NaN | BB31: NaN | BC31: NaN | BD31: NaN | BE31: NaN | BF31: NaN | BG31: NaN | BH31: NaN | BI31: NaN | BJ31: NaN | BK31: NaN | BL31: NaN | BM31: NaN | BN31: NaN | BO31: NaN | BP31: NaN | BQ31: NaN | BR31: NaN | BS31: NaN | BT31: NaN | BU31: NaN | BV31: NaN | BX31: NaN | BY31: NaN | BZ31: NaN | CA31: NaN | CB31: NaN | CC31: NaN | CD31: NaN | CE31: NaN | CF31: NaN | CG31: NaN | CH31: NaN | CI31: NaN | CJ31: NaN | CK31: NaN | CL31: NaN | CM31: NaN | CN31: NaN | CO31: NaN | CP31: NaN | CQ31: NaN | CR31: NaN | CS31: NaN | CT31: NaN | CU31: NaN | CV31: NaN | CW31: NaN | CX31: NaN | CY31: NaN | CZ31: NaN | DA31: NaN | DB31: NaN | DC31: NaN | DD31: NaN | DE31: NaN | DF31: NaN | DG31: NaN | DH31: NaN
... A59: 52 | B59: Jiang, S.; Zhang, J.; Zhang, M.; Qian, F.; Mu, G. | C59: Characteristics of whey protein concentrate/egg white protein composite film modified by transglutamiNaNse and its application on cherry tomatoes | D59: 2024 | E59: journal of Food Science | F59: 10.1111/1750-3841.17506 | G59: No | H59: NaN | I59: Test conditions (T, RH, thickness) for barrier properties not recorded | J59: NaN | K59: NaN | L59: NaN | M59: NaN | N59: NaN | O59: NaN | P59: NaN | Q59: NaN | R59: NaN | S59: NaN | T59: NaN | U59: NaN | V59: NaN | W59: NaN | X59: NaN | Y59: NaN | Z59: NaN | AA59: NaN | AB59: NaN | AC59: NaN | AD59: NaN | AE59: NaN | AF59: NaN | AG59: NaN | AH59: NaN | AI59: NaN | AJ59: NaN | AK59: NaN | AL59: NaN | AM59: NaN | AN59: NaN | AO59: NaN | AP59: NaN | AQ59: NaN | AR59: NaN | AS59: NaN | AT59: NaN | AU59: NaN | AV59: NaN | AW59: NaN | AX59: NaN | AY59: NaN | AZ59: NaN | BA59: NaN | BB59: NaN | BC59: NaN | BD59: NaN | BE59: NaN | BF59: NaN | BG59: NaN | BH59: NaN | BI59: NaN | BJ59: NaN | BK59: NaN | BL59: NaN | BM59: NaN | BN59: NaN | BO59: NaN | BP59: NaN | BQ59: NaN | BR59: NaN | BS59: NaN | BT59: NaN | BU59: NaN | BV59: NaN | BX59: NaN | BY59: NaN | BZ59: NaN | CA59: NaN | CB59: NaN | CC59: NaN | CD59: NaN | CE59: NaN | CF59: NaN | CG59: NaN | CH59: NaN | CI59: NaN | CJ59: NaN | CK59: NaN | CL59: NaN | CM59: NaN | CN59: NaN | CO59: NaN | CP59: NaN | CQ59: NaN | CR59: NaN | CS59: NaN | CT59: NaN | CU59: NaN | CV59: NaN | CW59: NaN | CX59: NaN | CY59: NaN | CZ59: NaN | DA59: NaN | DB59: NaN | DC59: NaN | DD59: NaN | DE59: NaN | DF59: NaN | DG59: NaN | DH59: NaN
A60: 53 | B60: Bianchi, E.; Papadopoulos, L.; Soccio, M.; Siracusa, V.; Gazzano, M.; Robert, T.; Bikiaris, D.N.; Lotti, N. | C60: Mechanical properties, gas permeability and biodegradation mechanism of biobased poly(ester amide)s from 2,5-furandicarboxylic acid and amido diols for Sustainable food packaging | D60: 2024 | E60: Polymer Degradation and Stability | F60: 10.1016/j.polymdegradstab.2024.111049 | G60: No | H60: 0.79 | I60: NaN | J60: NaN | K60: NaN | L60: NaN | M60: NaN | N60: NaN | O60: NaN | P60: NaN | Q60: NaN | R60: NaN | S60: NaN | T60: NaN | U60: NaN | V60: NaN | W60: NaN | X60: NaN | Y60: NaN | Z60: NaN | AA60: NaN | AB60: NaN | AC60: NaN | AD60: NaN | AE60: NaN | AF60: NaN | AG60: NaN | AH60: NaN | AI60: NaN | AJ60: NaN | AK60: NaN | AL60: NaN | AM60: NaN | AN60: NaN | AO60: NaN | AP60: NaN | AQ60: NaN | AR60: NaN | AS60: NaN | AT60: NaN | AU60: NaN | AV60: NaN | AW60: NaN | AX60: NaN | AY60: NaN | AZ60: NaN | BA60: NaN | BB60: NaN | BC60: NaN | BD60: NaN | BE60: NaN | BF60: NaN | BG60: NaN | BH60: NaN | BI60: NaN | BJ60: NaN | BK60: NaN | BL60: NaN | BM60: NaN | BN60: NaN | BO60: NaN | BP60: NaN | BQ60: NaN | BR60: NaN | BS60: NaN | BT60: NaN | BU60: NaN | BV60: NaN | BX60: NaN | BY60: NaN | BZ60: NaN | CA60: NaN | CB60: NaN | CC60: NaN | CD60: NaN | CE60: NaN | CF60: NaN | CG60: NaN | CH60: NaN | CI60: NaN | CJ60: NaN | CK60: NaN | CL60: NaN | CM60: NaN | CN60: NaN | CO60: NaN | CP60: NaN | CQ60: NaN | CR60: NaN | CS60: NaN | CT60: NaN | CU60: NaN | CV60: NaN | CW60: NaN | CX60: NaN | CY60: NaN | CZ60: NaN | DA60: NaN | DB60: NaN | DC60: NaN | DD60: NaN | DE60: NaN | DF60: NaN | DG60: NaN | DH60: NaN
A61: 53 | B61: Bianchi, E.; Papadopoulos, L.; Soccio, M.; Siracusa, V.; Gazzano, M.; Robert, T.; Bikiaris, D.N.; Lotti, N. | C61: Mechanical properties, gas permeability and biodegradation mechanism of biobased poly(ester amide)s from 2,5-furandicarboxylic acid and amido diols for Sustainable food packaging | D61: 2024 | E61: Polymer Degradation and Stability | F61: 10.1016/j.polymdegradstab.2024.111049 | G61: No | H61: 0.79 | I61: NaN | J61: NaN | K61: NaN | L61: NaN | M61: NaN | N61: NaN | O61: NaN | P61: NaN | Q61: NaN | R61: NaN | S61: NaN | T61: NaN | U61: NaN | V61: NaN | W61: NaN | X61: NaN | Y61: NaN | Z61: NaN | AA61: NaN | AB61: NaN | AC61: NaN | AD61: NaN | AE61: NaN | AF61: NaN | AG61: NaN | AH61: NaN | AI61: NaN | AJ61: NaN | AK61: NaN | AL61: NaN | AM61: NaN | AN61: NaN | AO61: NaN | AP61: NaN | AQ61: NaN | AR61: NaN | AS61: NaN | AT61: NaN | AU61: NaN | AV61: NaN | AW61: NaN | AX61: NaN | AY61: NaN | AZ61: NaN | BA61: NaN | BB61: NaN | BC61: NaN | BD61: NaN | BE61: NaN | BF61: NaN | BG61: NaN | BH61: NaN | BI61: NaN | BJ61: NaN | BK61: NaN | BL61: NaN | BM61: NaN | BN61: NaN | BO61: NaN | BP61: NaN | BQ61: NaN | BR61: NaN | BS61: NaN | BT61: NaN | BU61: NaN | BV61: NaN | BX61: NaN | BY61: NaN | BZ61: NaN | CA61: NaN | CB61: NaN | CC61: NaN | CD61: NaN | CE61: NaN | CF61: NaN | CG61: NaN | CH61: NaN | CI61: NaN | CJ61: NaN | CK61: NaN | CL61: NaN | CM61: NaN | CN61: NaN | CO61: NaN | CP61: NaN | CQ61: NaN | CR61: NaN | CS61: NaN | CT61: NaN | CU61: NaN | CV61: NaN | CW61: NaN | CX61: NaN | CY61: NaN | CZ61: NaN | DA61: NaN | DB61: NaN | DC61: NaN | DD61: NaN | DE61: NaN | DF61: NaN | DG61: NaN | DH61: NaN
A62: 53 | B62: Bianchi, E.; Papadopoulos, L.; Soccio, M.; Siracusa, V.; Gazzano, M.; Robert, T.; Bikiaris, D.N.; Lotti, N. | C62: Mechanical properties, gas permeability and biodegradation mechanism of biobased poly(ester amide)s from 2,5-furandicarboxylic acid and amido diols for Sustainable food packaging | D62: 2024 | E62: Polymer Degradation and Stability | F62: 10.1016/j.polymdegradstab.2024.111049 | G62: No | H62: 0.79 | I62: NaN | J62: NaN | K62: NaN | L62: NaN | M62: NaN | N62: NaN | O62: NaN | P62: NaN | Q62: NaN | R62: NaN | S62: NaN | T62: NaN | U62: NaN | V62: NaN | W62: NaN | X62: NaN | Y62: NaN | Z62: NaN | AA62: NaN | AB62: NaN | AC62: NaN | AD62: NaN | AE62: NaN | AF62: NaN | AG62: NaN | AH62: NaN | AI62: NaN | AJ62: NaN | AK62: NaN | AL62: NaN | AM62: NaN | AN62: NaN | AO62: NaN | AP62: NaN | AQ62: NaN | AR62: NaN | AS62: NaN | AT62: NaN | AU62: NaN | AV62: NaN | AW62: NaN | AX62: NaN | AY62: NaN | AZ62: NaN | BA62: NaN | BB62: NaN | BC62: NaN | BD62: NaN | BE62: NaN | BF62: NaN | BG62: NaN | BH62: NaN | BI62: NaN | BJ62: NaN | BK62: NaN | BL62: NaN | BM62: NaN | BN62: NaN | BO62: NaN | BP62: NaN | BQ62: NaN | BR62: NaN | BS62: NaN | BT62: NaN | BU62: NaN | BV62: NaN | BX62: NaN | BY62: NaN | BZ62: NaN | CA62: NaN | CB62: NaN | CC62: NaN | CD62: NaN | CE62: NaN | CF62: NaN | CG62: NaN | CH62: NaN | CI62: NaN | CJ62: NaN | CK62: NaN | CL62: NaN | CM62: NaN | CN62: NaN | CO62: NaN | CP62: NaN | CQ62: NaN | CR62: NaN | CS62: NaN | CT62: NaN | CU62: NaN | CV62: NaN | CW62: NaN | CX62: NaN | CY62: NaN | CZ62: NaN | DA62: NaN | DB62: NaN | DC62: NaN | DD62: NaN | DE62: NaN | DF62: NaN | DG62: NaN | DH62: NaN
A63: 53 | B63: Bianchi, E.; Papadopoulos, L.; Soccio, M.; Siracusa, V.; Gazzano, M.; Robert, T.; Bikiaris, D.N.; Lotti, N. | C63: Mechanical properties, gas permeability and biodegradation mechanism of biobased poly(ester amide)s from 2,5-furandicarboxylic acid and amido diols for Sustainable food packaging | D63: 2024 | E63: Polymer Degradation and Stability | F63: 10.1016/j.polymdegradstab.2024.111049 | G63: No | H63: 0.79 | I63: NaN | J63: NaN | K63: NaN | L63: NaN | M63: NaN | N63: NaN | O63: NaN | P63: NaN | Q63: NaN | R63: NaN | S63: NaN | T63: NaN | U63: NaN | V63: NaN | W63: NaN | X63: NaN | Y63: NaN | Z63: NaN | AA63: NaN | AB63: NaN | AC63: NaN | AD63: NaN | AE63: NaN | AF63: NaN | AG63: NaN | AH63: NaN | AI63: NaN | AJ63: NaN | AK63: NaN | AL63: NaN | AM63: NaN | AN63: NaN | AO63: NaN | AP63: NaN | AQ63: NaN | AR63: NaN | AS63: NaN | AT63: NaN | AU63: NaN | AV63: NaN | AW63: NaN | AX63: NaN | AY63: NaN | AZ63: NaN | BA63: NaN | BB63: NaN | BC63: NaN | BD63: NaN | BE63: NaN | BF63: NaN | BG63: NaN | BH63: NaN | BI63: NaN | BJ63: NaN | BK63: NaN | BL63: NaN | BM63: NaN | BN63: NaN | BO63: NaN | BP63: NaN | BQ63: NaN | BR63: NaN | BS63: NaN | BT63: NaN | BU63: NaN | BV63: NaN | BX63: NaN | BY63: NaN | BZ63: NaN | CA63: NaN | CB63: NaN | CC63: NaN | CD63: NaN | CE63: NaN | CF63: NaN | CG63: NaN | CH63: NaN | CI63: NaN | CJ63: NaN | CK63: NaN | CL63: NaN | CM63: NaN | CN63: NaN | CO63: NaN | CP63: NaN | CQ63: NaN | CR63: NaN | CS63: NaN | CT63: NaN | CU63: NaN | CV63: NaN | CW63: NaN | CX63: NaN | CY63: NaN | CZ63: NaN | DA63: NaN | DB63: NaN | DC63: NaN | DD63: NaN | DE63: NaN | DF63: NaN | DG63: NaN | DH63: NaN
A64: 53 | B64: Bianchi, E.; Papadopoulos, L.; Soccio, M.; Siracusa, V.; Gazzano, M.; Robert, T.; Bikiaris, D.N.; Lotti, N. | C64: Mechanical properties, gas permeability and biodegradation mechanism of biobased poly(ester amide)s from 2,5-furandicarboxylic acid and amido diols for Sustainable food packaging | D64: 2024 | E64: Polymer Degradation and Stability | F64: 10.1016/j.polymdegradstab.2024.111049 | G64: No | H64: 0.79 | I64: NaN | J64: NaN | K64: NaN | L64: NaN | M64: NaN | N64: NaN | O64: NaN | P64: NaN | Q64: NaN | R64: NaN | S64: NaN | T64: NaN | U64: NaN | V64: NaN | W64: NaN | X64: NaN | Y64: NaN | Z64: NaN | AA64: NaN | AB64: NaN | AC64: NaN | AD64: NaN | AE64: NaN | AF64: NaN | AG64: NaN | AH64: NaN | AI64: NaN | AJ64: NaN | AK64: NaN | AL64: NaN | AM64: NaN | AN64: NaN | AO64: NaN | AP64: NaN | AQ64: NaN | AR64: NaN | AS64: NaN | AT64: NaN | AU64: NaN | AV64: NaN | AW64: NaN | AX64: NaN | AY64: NaN | AZ64: NaN | BA64: NaN | BB64: NaN | BC64: NaN | BD64: NaN | BE64: NaN | BF64: NaN | BG64: NaN | BH64: NaN | BI64: NaN | BJ64: NaN | BK64: NaN | BL64: NaN | BM64: NaN | BN64: NaN | BO64: NaN | BP64: NaN | BQ64: NaN | BR64: NaN | BS64: NaN | BT64: NaN | BU64: NaN | BV64: NaN | BX64: NaN | BY64: NaN | BZ64: NaN | CA64: NaN | CB64: NaN | CC64: NaN | CD64: NaN | CE64: NaN | CF64: NaN | CG64: NaN | CH64: NaN | CI64: NaN | CJ64: NaN | CK64: NaN | CL64: NaN | CM64: NaN | CN64: NaN | CO64: NaN | CP64: NaN | CQ64: NaN | CR64: NaN | CS64: NaN | CT64: NaN | CU64: NaN | CV64: NaN | CW64: NaN | CX64: NaN | CY64: NaN | CZ64: NaN | DA64: NaN | DB64: NaN | DC64: NaN | DD64: NaN | DE64: NaN | DF64: NaN | DG64: NaN | DH64: NaN
A65: 53 | B65: Bianchi, E.; Papadopoulos, L.; Soccio, M.; Siracusa, V.; Gazzano, M.; Robert, T.; Bikiaris, D.N.; Lotti, N. | C65: Mechanical properties, gas permeability and biodegradation mechanism of biobased poly(ester amide)s from 2,5-furandicarboxylic acid and amido diols for Sustainable food packaging | D65: 2024 | E65: Polymer Degradation and Stability | F65: 10.1016/j.polymdegradstab.2024.111049 | G65: No | H65: 0.79 | I65: NaN | J65: NaN | K65: NaN | L65: NaN | M65: NaN | N65: NaN | O65: NaN | P65: NaN | Q65: NaN | R65: NaN | S65: NaN | T65: NaN | U65: NaN | V65: NaN | W65: NaN | X65: NaN | Y65: NaN | Z65: NaN | AA65: NaN | AB65: NaN | AC65: NaN | AD65: NaN | AE65: NaN | AF65: NaN | AG65: NaN | AH65: NaN | AI65: NaN | AJ65: NaN | AK65: NaN | AL65: NaN | AM65: NaN | AN65: NaN | AO65: NaN | AP65: NaN | AQ65: NaN | AR65: NaN | AS65: NaN | AT65: NaN | AU65: NaN | AV65: NaN | AW65: NaN | AX65: NaN | AY65: NaN | AZ65: NaN | BA65: NaN | BB65: NaN | BC65: NaN | BD65: NaN | BE65: NaN | BF65: NaN | BG65: NaN | BH65: NaN | BI65: NaN | BJ65: NaN | BK65: NaN | BL65: NaN | BM65: NaN | BN65: NaN | BO65: NaN | BP65: NaN | BQ65: NaN | BR65: NaN | BS65: NaN | BT65: NaN | BU65: NaN | BV65: NaN | BX65: NaN | BY65: NaN | BZ65: NaN | CA65: NaN | CB65: NaN | CC65: NaN | CD65: NaN | CE65: NaN | CF65: NaN | CG65: NaN | CH65: NaN | CI65: NaN | CJ65: NaN | CK65: NaN | CL65: NaN | CM65: NaN | CN65: NaN | CO65: NaN | CP65: NaN | CQ65: NaN | CR65: NaN | CS65: NaN | CT65: NaN | CU65: NaN | CV65: NaN | CW65: NaN | CX65: NaN | CY65: NaN | CZ65: NaN | DA65: NaN | DB65: NaN | DC65: NaN | DD65: NaN | DE65: NaN | DF65: NaN | DG65: NaN | DH65: NaN
A66: 53 | B66: Bianchi, E.; Papadopoulos, L.; Soccio, M.; Siracusa, V.; Gazzano, M.; Robert, T.; Bikiaris, D.N.; Lotti, N. | C66: Mechanical properties, gas permeability and biodegradation mechanism of biobased poly(ester amide)s from 2,5-furandicarboxylic acid and amido diols for Sustainable food packaging | D66: 2024 | E66: Polymer Degradation and Stability | F66: 10.1016/j.polymdegradstab.2024.111049 | G66: No | H66: 0.79 | I66: NaN | J66: NaN | K66: NaN | L66: NaN | M66: NaN | N66: NaN | O66: NaN | P66: NaN | Q66: NaN | R66: NaN | S66: NaN | T66: NaN | U66: NaN | V66: NaN | W66: NaN | X66: NaN | Y66: NaN | Z66: NaN | AA66: NaN | AB66: NaN | AC66: NaN | AD66: NaN | AE66: NaN | AF66: NaN | AG66: NaN | AH66: NaN | AI66: NaN | AJ66: NaN | AK66: NaN | AL66: NaN | AM66: NaN | AN66: NaN | AO66: NaN | AP66: NaN | AQ66: NaN | AR66: NaN | AS66: NaN | AT66: NaN | AU66: NaN | AV66: NaN | AW66: NaN | AX66: NaN | AY66: NaN | AZ66: NaN | BA66: NaN | BB66: NaN | BC66: NaN | BD66: NaN | BE66: NaN | BF66: NaN | BG66: NaN | BH66: NaN | BI66: NaN | BJ66: NaN | BK66: NaN | BL66: NaN | BM66: NaN | BN66: NaN | BO66: NaN | BP66: NaN | BQ66: NaN | BR66: NaN | BS66: NaN | BT66: NaN | BU66: NaN | BV66: NaN | BX66: NaN | BY66: NaN | BZ66: NaN | CA66: NaN | CB66: NaN | CC66: NaN | CD66: NaN | CE66: NaN | CF66: NaN | CG66: NaN | CH66: NaN | CI66: NaN | CJ66: NaN | CK66: NaN | CL66: NaN | CM66: NaN | CN66: NaN | CO66: NaN | CP66: NaN | CQ66: NaN | CR66: NaN | CS66: NaN | CT66: NaN | CU66: NaN | CV66: NaN | CW66: NaN | CX66: NaN | CY66: NaN | CZ66: NaN | DA66: NaN | DB66: NaN | DC66: NaN | DD66: NaN | DE66: NaN | DF66: NaN | DG66: NaN | DH66: NaN
A67: 53 | B67: Bianchi, E.; Papadopoulos, L.; Soccio, M.; Siracusa, V.; Gazzano, M.; Robert, T.; Bikiaris, D.N.; Lotti, N. | C67: Mechanical properties, gas permeability and biodegradation mechanism of biobased poly(ester amide)s from 2,5-furandicarboxylic acid and amido diols for Sustainable food packaging | D67: 2024 | E67: Polymer Degradation and Stability | F67: 10.1016/j.polymdegradstab.2024.111049 | G67: No | H67: 0.79 | I67: NaN | J67: NaN | K67: NaN | L67: NaN | M67: NaN | N67: NaN | O67: NaN | P67: NaN | Q67: NaN | R67: NaN | S67: NaN | T67: NaN | U67: NaN | V67: NaN | W67: NaN | X67: NaN | Y67: NaN | Z67: NaN | AA67: NaN | AB67: NaN | AC67: NaN | AD67: NaN | AE67: NaN | AF67: NaN | AG67: NaN | AH67: NaN | AI67: NaN | AJ67: NaN | AK67: NaN | AL67: NaN | AM67: NaN | AN67: NaN | AO67: NaN | AP67: NaN | AQ67: NaN | AR67: NaN | AS67: NaN | AT67: NaN | AU67: NaN | AV67: NaN | AW67: NaN | AX67: NaN | AY67: NaN | AZ67: NaN | BA67: NaN | BB67: NaN | BC67: NaN | BD67: NaN | BE67: NaN | BF67: NaN | BG67: NaN | BH67: NaN | BI67: NaN | BJ67: NaN | BK67: NaN | BL67: NaN | BM67: NaN | BN67: NaN | BO67: NaN | BP67: NaN | BQ67: NaN | BR67: NaN | BS67: NaN | BT67: NaN | BU67: NaN | BV67: NaN | BX67: NaN | BY67: NaN | BZ67: NaN | CA67: NaN | CB67: NaN | CC67: NaN | CD67: NaN | CE67: NaN | CF67: NaN | CG67: NaN | CH67: NaN | CI67: NaN | CJ67: NaN | CK67: NaN | CL67: NaN | CM67: NaN | CN67: NaN | CO67: NaN | CP67: NaN | CQ67: NaN | CR67: NaN | CS67: NaN | CT67: NaN | CU67: NaN | CV67: NaN | CW67: NaN | CX67: NaN | CY67: NaN | CZ67: NaN | DA67: NaN | DB67: NaN | DC67: NaN | DD67: NaN | DE67: NaN | DF67: NaN | DG67: NaN | DH67: NaN
A68: 53 | B68: Bianchi, E.; Papadopoulos, L.; Soccio, M.; Siracusa, V.; Gazzano, M.; Robert, T.; Bikiaris, D.N.; Lotti, N. | C68: Mechanical properties, gas permeability and biodegradation mechanism of biobased poly(ester amide)s from 2,5-furandicarboxylic acid and amido diols for Sustainable food packaging | D68: 2024 | E68: Polymer Degradation and Stability | F68: 10.1016/j.polymdegradstab.2024.111049 | G68: No | H68: 0.79 | I68: NaN | J68: NaN | K68: NaN | L68: NaN | M68: NaN | N68: NaN | O68: NaN | P68: NaN | Q68: NaN | R68: NaN | S68: NaN | T68: NaN | U68: NaN | V68: NaN | W68: NaN | X68: NaN | Y68: NaN | Z68: NaN | AA68: NaN | AB68: NaN | AC68: NaN | AD68: NaN | AE68: NaN | AF68: NaN | AG68: NaN | AH68: NaN | AI68: NaN | AJ68: NaN | AK68: NaN | AL68: NaN | AM68: NaN | AN68: NaN | AO68: NaN | AP68: NaN | AQ68: NaN | AR68: NaN | AS68: NaN | AT68: NaN | AU68: NaN | AV68: NaN | AW68: NaN | AX68: NaN | AY68: NaN | AZ68: NaN | BA68: NaN | BB68: NaN | BC68: NaN | BD68: NaN | BE68: NaN | BF68: NaN | BG68: NaN | BH68: NaN | BI68: NaN | BJ68: NaN | BK68: NaN | BL68: NaN | BM68: NaN | BN68: NaN | BO68: NaN | BP68: NaN | BQ68: NaN | BR68: NaN | BS68: NaN | BT68: NaN | BU68: NaN | BV68: NaN | BX68: NaN | BY68: NaN | BZ68: NaN | CA68: NaN | CB68: NaN | CC68: NaN | CD68: NaN | CE68: NaN | CF68: NaN | CG68: NaN | CH68: NaN | CI68: NaN | CJ68: NaN | CK68: NaN | CL68: NaN | CM68: NaN | CN68: NaN | CO68: NaN | CP68: NaN | CQ68: NaN | CR68: NaN | CS68: NaN | CT68: NaN | CU68: NaN | CV68: NaN | CW68: NaN | CX68: NaN | CY68: NaN | CZ68: NaN | DA68: NaN | DB68: NaN | DC68: NaN | DD68: NaN | DE68: NaN | DF68: NaN | DG68: NaN | DH68: NaN
A69: 53 | B69: Bianchi, E.; Papadopoulos, L.; Soccio, M.; Siracusa, V.; Gazzano, M.; Robert, T.; Bikiaris, D.N.; Lotti, N. | C69: Mechanical properties, gas permeability and biodegradation mechanism of biobased poly(ester amide)s from 2,5-furandicarboxylic acid and amido diols for Sustainable food packaging | D69: 2024 | E69: Polymer Degradation and Stability | F69: 10.1016/j.polymdegradstab.2024.111049 | G69: No | H69: 0.79 | I69: NaN | J69: NaN | K69: NaN | L69: NaN | M69: NaN | N69: NaN | O69: NaN | P69: NaN | Q69: NaN | R69: NaN | S69: NaN | T69: NaN | U69: NaN | V69: NaN | W69: NaN | X69: NaN | Y69: NaN | Z69: NaN | AA69: NaN | AB69: NaN | AC69: NaN | AD69: NaN | AE69: NaN | AF69: NaN | AG69: NaN | AH69: NaN | AI69: NaN | AJ69: NaN | AK69: NaN | AL69: NaN | AM69: NaN | AN69: NaN | AO69: NaN | AP69: NaN | AQ69: NaN | AR69: NaN | AS69: NaN | AT69: NaN | AU69: NaN | AV69: NaN | AW69: NaN | AX69: NaN | AY69: NaN | AZ69: NaN | BA69: NaN | BB69: NaN | BC69: NaN | BD69: NaN | BE69: NaN | BF69: NaN | BG69: NaN | BH69: NaN | BI69: NaN | BJ69: NaN | BK69: NaN | BL69: NaN | BM69: NaN | BN69: NaN | BO69: NaN | BP69: NaN | BQ69: NaN | BR69: NaN | BS69: NaN | BT69: NaN | BU69: NaN | BV69: NaN | BX69: NaN | BY69: NaN | BZ69: NaN | CA69: NaN | CB69: NaN | CC69: NaN | CD69: NaN | CE69: NaN | CF69: NaN | CG69: NaN | CH69: NaN | CI69: NaN | CJ69: NaN | CK69: NaN | CL69: NaN | CM69: NaN | CN69: NaN | CO69: NaN | CP69: NaN | CQ69: NaN | CR69: NaN | CS69: NaN | CT69: NaN | CU69: NaN | CV69: NaN | CW69: NaN | CX69: NaN | CY69: NaN | CZ69: NaN | DA69: NaN | DB69: NaN | DC69: NaN | DD69: NaN | DE69: NaN | DF69: NaN | DG69: NaN | DH69: NaN
A70: 53 | B70: Bianchi, E.; Papadopoulos, L.; Soccio, M.; Siracusa, V.; Gazzano, M.; Robert, T.; Bikiaris, D.N.; Lotti, N. | C70: Mechanical properties, gas permeability and biodegradation mechanism of biobased poly(ester amide)s from 2,5-furandicarboxylic acid and amido diols for Sustainable food packaging | D70: 2024 | E70: Polymer Degradation and Stability | F70: 10.1016/j.polymdegradstab.2024.111049 | G70: No | H70: 0.79 | I70: NaN | J70: NaN | K70: NaN | L70: NaN | M70: NaN | N70: NaN | O70: NaN | P70: NaN | Q70: NaN | R70: NaN | S70: NaN | T70: NaN | U70: NaN | V70: NaN | W70: NaN | X70: NaN | Y70: NaN | Z70: NaN | AA70: NaN | AB70: NaN | AC70: NaN | AD70: NaN | AE70: NaN | AF70: NaN | AG70: NaN | AH70: NaN | AI70: NaN | AJ70: NaN | AK70: NaN | AL70: NaN | AM70: NaN | AN70: NaN | AO70: NaN | AP70: NaN | AQ70: NaN | AR70: NaN | AS70: NaN | AT70: NaN | AU70: NaN | AV70: NaN | AW70: NaN | AX70: NaN | AY70: NaN | AZ70: NaN | BA70: NaN | BB70: NaN | BC70: NaN | BD70: NaN | BE70: NaN | BF70: NaN | BG70: NaN | BH70: NaN | BI70: NaN | BJ70: NaN | BK70: NaN | BL70: NaN | BM70: NaN | BN70: NaN | BO70: NaN | BP70: NaN | BQ70: NaN | BR70: NaN | BS70: NaN | BT70: NaN | BU70: NaN | BV70: NaN | BX70: NaN | BY70: NaN | BZ70: NaN | CA70: NaN | CB70: NaN | CC70: NaN | CD70: NaN | CE70: NaN | CF70: NaN | CG70: NaN | CH70: NaN | CI70: NaN | CJ70: NaN | CK70: NaN | CL70: NaN | CM70: NaN | CN70: NaN | CO70: NaN | CP70: NaN | CQ70: NaN | CR70: NaN | CS70: NaN | CT70: NaN | CU70: NaN | CV70: NaN | CW70: NaN | CX70: NaN | CY70: NaN | CZ70: NaN | DA70: NaN | DB70: NaN | DC70: NaN | DD70: NaN | DE70: NaN | DF70: NaN | DG70: NaN | DH70: NaN
A71: 53 | B71: Bianchi, E.; Papadopoulos, L.; Soccio, M.; Siracusa, V.; Gazzano, M.; Robert, T.; Bikiaris, D.N.; Lotti, N. | C71: Mechanical properties, gas permeability and biodegradation mechanism of biobased poly(ester amide)s from 2,5-furandicarboxylic acid and amido diols for Sustainable food packaging | D71: 2024 | E71: Polymer Degradation and Stability | F71: 10.1016/j.polymdegradstab.2024.111049 | G71: No | H71: 0.79 | I71: NaN | J71: NaN | K71: NaN | L71: NaN | M71: NaN | N71: NaN | O71: NaN | P71: NaN | Q71: NaN | R71: NaN | S71: NaN | T71: NaN | U71: NaN | V71: NaN | W71: NaN | X71: NaN | Y71: NaN | Z71: NaN | AA71: NaN | AB71: NaN | AC71: NaN | AD71: NaN | AE71: NaN | AF71: NaN | AG71: NaN | AH71: NaN | AI71: NaN | AJ71: NaN | AK71: NaN | AL71: NaN | AM71: NaN | AN71: NaN | AO71: NaN | AP71: NaN | AQ71: NaN | AR71: NaN | AS71: NaN | AT71: NaN | AU71: NaN | AV71: NaN | AW71: NaN | AX71: NaN | AY71: NaN | AZ71: NaN | BA71: NaN | BB71: NaN | BC71: NaN | BD71: NaN | BE71: NaN | BF71: NaN | BG71: NaN | BH71: NaN | BI71: NaN | BJ71: NaN | BK71: NaN | BL71: NaN | BM71: NaN | BN71: NaN | BO71: NaN | BP71: NaN | BQ71: NaN | BR71: NaN | BS71: NaN | BT71: NaN | BU71: NaN | BV71: NaN | BX71: NaN | BY71: NaN | BZ71: NaN | CA71: NaN | CB71: NaN | CC71: NaN | CD71: NaN | CE71: NaN | CF71: NaN | CG71: NaN | CH71: NaN | CI71: NaN | CJ71: NaN | CK71: NaN | CL71: NaN | CM71: NaN | CN71: NaN | CO71: NaN | CP71: NaN | CQ71: NaN | CR71: NaN | CS71: NaN | CT71: NaN | CU71: NaN | CV71: NaN | CW71: NaN | CX71: NaN | CY71: NaN | CZ71: NaN | DA71: NaN | DB71: NaN | DC71: NaN | DD71: NaN | DE71: NaN | DF71: NaN | DG71: NaN | DH71: NaN
... A73: 53 | B73: Bianchi, E.; Papadopoulos, L.; Soccio, M.; Siracusa, V.; Gazzano, M.; Robert, T.; Bikiaris, D.N.; Lotti, N. | C73: Mechanical properties, gas permeability and biodegradation mechanism of biobased poly(ester amide)s from 2,5-furandicarboxylic acid and amido diols for Sustainable food packaging | D73: 2024 | E73: Polymer Degradation and Stability | F73: 10.1016/j.polymdegradstab.2024.111049 | G73: No | H73: 0.79 | I73: NaN | J73: NaN | K73: NaN | L73: NaN | M73: NaN | N73: NaN | O73: NaN | P73: NaN | Q73: NaN | R73: NaN | S73: NaN | T73: NaN | U73: NaN | V73: NaN | W73: NaN | X73: NaN | Y73: NaN | Z73: NaN | AA73: NaN | AB73: NaN | AC73: NaN | AD73: NaN | AE73: NaN | AF73: NaN | AG73: NaN | AH73: NaN | AI73: NaN | AJ73: NaN | AK73: NaN | AL73: NaN | AM73: NaN | AN73: NaN | AO73: NaN | AP73: NaN | AQ73: NaN | AR73: NaN | AS73: NaN | AT73: NaN | AU73: NaN | AV73: NaN | AW73: NaN | AX73: NaN | AY73: NaN | AZ73: NaN | BA73: NaN | BB73: NaN | BC73: NaN | BD73: NaN | BE73: NaN | BF73: NaN | BG73: NaN | BH73: NaN | BI73: NaN | BJ73: NaN | BK73: NaN | BL73: NaN | BM73: NaN | BN73: NaN | BO73: NaN | BP73: NaN | BQ73: NaN | BR73: NaN | BS73: NaN | BT73: NaN | BU73: NaN | BV73: NaN | BX73: NaN | BY73: NaN | BZ73: NaN | CA73: NaN | CB73: NaN | CC73: NaN | CD73: NaN | CE73: NaN | CF73: NaN | CG73: NaN | CH73: NaN | CI73: NaN | CJ73: NaN | CK73: NaN | CL73: NaN | CM73: NaN | CN73: NaN | CO73: NaN | CP73: NaN | CQ73: NaN | CR73: NaN | CS73: NaN | CT73: NaN | CU73: NaN | CV73: NaN | CW73: NaN | CX73: NaN | CY73: NaN | CZ73: NaN | DA73: NaN | DB73: NaN | DC73: NaN | DD73: NaN | DE73: NaN | DF73: NaN | DG73: NaN | DH73: NaN
A74: 54 | B74: Szymański, M.; Pawlik, M.; Dobrucka, R. | C74: Development of a blue innovative antioxidant, biodegradable packaging material with Clitoria terNaNtea L. flos | D74: 2024 | E74: Food Bioscience | F74: 10.1016/j.fbio.2024.105047 | G74: No | H74: NaN | I74: Test conditions (T, RH, thickness) for barrier properties not recorded | J74: NaN | K74: NaN | L74: NaN | M74: NaN | N74: NaN | O74: NaN | P74: NaN | Q74: NaN | R74: NaN | S74: NaN | T74: NaN | U74: NaN | V74: NaN | W74: NaN | X74: NaN | Y74: NaN | Z74: NaN | AA74: NaN | AB74: NaN | AC74: NaN | AD74: NaN | AE74: NaN | AF74: NaN | AG74: NaN | AH74: NaN | AI74: NaN | AJ74: NaN | AK74: NaN | AL74: NaN | AM74: NaN | AN74: NaN | AO74: NaN | AP74: NaN | AQ74: NaN | AR74: NaN | AS74: NaN | AT74: NaN | AU74: NaN | AV74: NaN | AW74: NaN | AX74: NaN | AY74: NaN | AZ74: NaN | BA74: NaN | BB74: NaN | BC74: NaN | BD74: NaN | BE74: NaN | BF74: NaN | BG74: NaN | BH74: NaN | BI74: NaN | BJ74: NaN | BK74: NaN | BL74: NaN | BM74: NaN | BN74: NaN | BO74: NaN | BP74: NaN | BQ74: NaN | BR74: NaN | BS74: NaN | BT74: NaN | BU74: NaN | BV74: NaN | BX74: NaN | BY74: NaN | BZ74: NaN | CA74: NaN | CB74: NaN | CC74: NaN | CD74: NaN | CE74: NaN | CF74: NaN | CG74: NaN | CH74: NaN | CI74: NaN | CJ74: NaN | CK74: NaN | CL74: NaN | CM74: NaN | CN74: NaN | CO74: NaN | CP74: NaN | CQ74: NaN | CR74: NaN | CS74: NaN | CT74: NaN | CU74: NaN | CV74: NaN | CW74: NaN | CX74: NaN | CY74: NaN | CZ74: NaN | DA74: NaN | DB74: NaN | DC74: NaN | DD74: NaN | DE74: NaN | DF74: NaN | DG74: NaN | DH74: NaN
A75: 56 | B75: Regmi, S.; Janaswamy, S. | C75: Biodegradable films from soyhull cellulosic residue with UV protection and antioxidant properties improve the shelf-life of post-harvested raspberries | D75: 2024 | E75: Food Chemistry | F75: 10.1016/j.foodchem.2024.140672 | G75: No | H75: NaN | I75: Test conditions (T, RH, thickness) for barrier properties not recorded | J75: NaN | K75: NaN | L75: NaN | M75: NaN | N75: NaN | O75: NaN | P75: NaN | Q75: NaN | R75: NaN | S75: NaN | T75: NaN | U75: NaN | V75: NaN | W75: NaN | X75: NaN | Y75: NaN | Z75: NaN | AA75: NaN | AB75: NaN | AC75: NaN | AD75: NaN | AE75: NaN | AF75: NaN | AG75: NaN | AH75: NaN | AI75: NaN | AJ75: NaN | AK75: NaN | AL75: NaN | AM75: NaN | AN75: NaN | AO75: NaN | AP75: NaN | AQ75: NaN | AR75: NaN | AS75: NaN | AT75: NaN | AU75: NaN | AV75: NaN | AW75: NaN | AX75: NaN | AY75: NaN | AZ75: NaN | BA75: NaN | BB75: NaN | BC75: NaN | BD75: NaN | BE75: NaN | BF75: NaN | BG75: NaN | BH75: NaN | BI75: NaN | BJ75: NaN | BK75: NaN | BL75: NaN | BM75: NaN | BN75: NaN | BO75: NaN | BP75: NaN | BQ75: NaN | BR75: NaN | BS75: NaN | BT75: NaN | BU75: NaN | BV75: NaN | BX75: NaN | BY75: NaN | BZ75: NaN | CA75: NaN | CB75: NaN | CC75: NaN | CD75: NaN | CE75: NaN | CF75: NaN | CG75: NaN | CH75: NaN | CI75: NaN | CJ75: NaN | CK75: NaN | CL75: NaN | CM75: NaN | CN75: NaN | CO75: NaN | CP75: NaN | CQ75: NaN | CR75: NaN | CS75: NaN | CT75: NaN | CU75: NaN | CV75: NaN | CW75: NaN | CX75: NaN | CY75: NaN | CZ75: NaN | DA75: NaN | DB75: NaN | DC75: NaN | DD75: NaN | DE75: NaN | DF75: NaN | DG75: NaN | DH75: NaN
A76: 57 | B76: Ratna, R.; Mutia, M.; Darwin, D.; Munawar, A.A.; Fitriani, F.; Handani, L. | C76: Utilization of tofu liquid waste for the manufacture of bioplastic food packaging | D76: 2024 | E76: Case Studies in Chemical and Environmental Engineering | F76: 10.1016/j.cscee.2024.100830 | G76: No | H76: NaN | I76: Test conditions (T, RH, thickness) for barrier properties not recorded | J76: NaN | K76: NaN | L76: NaN | M76: NaN | N76: NaN | O76: NaN | P76: NaN | Q76: NaN | R76: NaN | S76: NaN | T76: NaN | U76: NaN | V76: NaN | W76: NaN | X76: NaN | Y76: NaN | Z76: NaN | AA76: NaN | AB76: NaN | AC76: NaN | AD76: NaN | AE76: NaN | AF76: NaN | AG76: NaN | AH76: NaN | AI76: NaN | AJ76: NaN | AK76: NaN | AL76: NaN | AM76: NaN | AN76: NaN | AO76: NaN | AP76: NaN | AQ76: NaN | AR76: NaN | AS76: NaN | AT76: NaN | AU76: NaN | AV76: NaN | AW76: NaN | AX76: NaN | AY76: NaN | AZ76: NaN | BA76: NaN | BB76: NaN | BC76: NaN | BD76: NaN | BE76: NaN | BF76: NaN | BG76: NaN | BH76: NaN | BI76: NaN | BJ76: NaN | BK76: NaN | BL76: NaN | BM76: NaN | BN76: NaN | BO76: NaN | BP76: NaN | BQ76: NaN | BR76: NaN | BS76: NaN | BT76: NaN | BU76: NaN | BV76: NaN | BX76: NaN | BY76: NaN | BZ76: NaN | CA76: NaN | CB76: NaN | CC76: NaN | CD76: NaN | CE76: NaN | CF76: NaN | CG76: NaN | CH76: NaN | CI76: NaN | CJ76: NaN | CK76: NaN | CL76: NaN | CM76: NaN | CN76: NaN | CO76: NaN | CP76: NaN | CQ76: NaN | CR76: NaN | CS76: NaN | CT76: NaN | CU76: NaN | CV76: NaN | CW76: NaN | CX76: NaN | CY76: NaN | CZ76: NaN | DA76: NaN | DB76: NaN | DC76: NaN | DD76: NaN | DE76: NaN | DF76: NaN | DG76: NaN | DH76: NaN
A77: 58 | B77: Hussain, S.A.; Yadav, M.P.; Sharma, B.K.; Qi, P.X.; Jin, T.Z. | C77: Biodegradable Food Packaging Films Using a CombiNaNtion of Hemicellulose and Cellulose Derivatives † | D77: 2024 | E77: Polymers | F77: 10.3390/polym16223171 | G77: No | H77: NaN | I77: Multilayer, composite or active packaging material | J77: NaN | K77: NaN | L77: NaN | M77: NaN | N77: NaN | O77: NaN | P77: NaN | Q77: NaN | R77: NaN | S77: NaN | T77: NaN | U77: NaN | V77: NaN | W77: NaN | X77: NaN | Y77: NaN | Z77: NaN | AA77: NaN | AB77: NaN | AC77: NaN | AD77: NaN | AE77: NaN | AF77: NaN | AG77: NaN | AH77: NaN | AI77: NaN | AJ77: NaN | AK77: NaN | AL77: NaN | AM77: NaN | AN77: NaN | AO77: NaN | AP77: NaN | AQ77: NaN | AR77: NaN | AS77: NaN | AT77: NaN | AU77: NaN | AV77: NaN | AW77: NaN | AX77: NaN | AY77: NaN | AZ77: NaN | BA77: NaN | BB77: NaN | BC77: NaN | BD77: NaN | BE77: NaN | BF77: NaN | BG77: NaN | BH77: NaN | BI77: NaN | BJ77: NaN | BK77: NaN | BL77: NaN | BM77: NaN | BN77: NaN | BO77: NaN | BP77: NaN | BQ77: NaN | BR77: NaN | BS77: NaN | BT77: NaN | BU77: NaN | BV77: NaN | BX77: NaN | BY77: NaN | BZ77: NaN | CA77: NaN | CB77: NaN | CC77: NaN | CD77: NaN | CE77: NaN | CF77: NaN | CG77: NaN | CH77: NaN | CI77: NaN | CJ77: NaN | CK77: NaN | CL77: NaN | CM77: NaN | CN77: NaN | CO77: NaN | CP77: NaN | CQ77: NaN | CR77: NaN | CS77: NaN | CT77: NaN | CU77: NaN | CV77: NaN | CW77: NaN | CX77: NaN | CY77: NaN | CZ77: NaN | DA77: NaN | DB77: NaN | DC77: NaN | DD77: NaN | DE77: NaN | DF77: NaN | DG77: NaN | DH77: NaN
A78: 58 | B78: Hussain, S.A.; Yadav, M.P.; Sharma, B.K.; Qi, P.X.; Jin, T.Z. | C78: Biodegradable Food Packaging Films Using a CombiNaNtion of Hemicellulose and Cellulose Derivatives † | D78: 2024 | E78: Polymers | F78: 10.3390/polym16223171 | G78: No | H78: NaN | I78: Multilayer, composite or active packaging material | J78: NaN | K78: NaN | L78: NaN | M78: NaN | N78: NaN | O78: NaN | P78: NaN | Q78: NaN | R78: NaN | S78: NaN | T78: NaN | U78: NaN | V78: NaN | W78: NaN | X78: NaN | Y78: NaN | Z78: NaN | AA78: NaN | AB78: NaN | AC78: NaN | AD78: NaN | AE78: NaN | AF78: NaN | AG78: NaN | AH78: NaN | AI78: NaN | AJ78: NaN | AK78: NaN | AL78: NaN | AM78: NaN | AN78: NaN | AO78: NaN | AP78: NaN | AQ78: NaN | AR78: NaN | AS78: NaN | AT78: NaN | AU78: NaN | AV78: NaN | AW78: NaN | AX78: NaN | AY78: NaN | AZ78: NaN | BA78: NaN | BB78: NaN | BC78: NaN | BD78: NaN | BE78: NaN | BF78: NaN | BG78: NaN | BH78: NaN | BI78: NaN | BJ78: NaN | BK78: NaN | BL78: NaN | BM78: NaN | BN78: NaN | BO78: NaN | BP78: NaN | BQ78: NaN | BR78: NaN | BS78: NaN | BT78: NaN | BU78: NaN | BV78: NaN | BX78: NaN | BY78: NaN | BZ78: NaN | CA78: NaN | CB78: NaN | CC78: NaN | CD78: NaN | CE78: NaN | CF78: NaN | CG78: NaN | CH78: NaN | CI78: NaN | CJ78: NaN | CK78: NaN | CL78: NaN | CM78: NaN | CN78: NaN | CO78: NaN | CP78: NaN | CQ78: NaN | CR78: NaN | CS78: NaN | CT78: NaN | CU78: NaN | CV78: NaN | CW78: NaN | CX78: NaN | CY78: NaN | CZ78: NaN | DA78: NaN | DB78: NaN | DC78: NaN | DD78: NaN | DE78: NaN | DF78: NaN | DG78: NaN | DH78: NaN
A79: 58 | B79: Hussain, S.A.; Yadav, M.P.; Sharma, B.K.; Qi, P.X.; Jin, T.Z. | C79: Biodegradable Food Packaging Films Using a CombiNaNtion of Hemicellulose and Cellulose Derivatives † | D79: 2024 | E79: Polymers | F79: 10.3390/polym16223171 | G79: No | H79: NaN | I79: Multilayer, composite or active packaging material | J79: NaN | K79: NaN | L79: NaN | M79: NaN | N79: NaN | O79: NaN | P79: NaN | Q79: NaN | R79: NaN | S79: NaN | T79: NaN | U79: NaN | V79: NaN | W79: NaN | X79: NaN | Y79: NaN | Z79: NaN | AA79: NaN | AB79: NaN | AC79: NaN | AD79: NaN | AE79: NaN | AF79: NaN | AG79: NaN | AH79: NaN | AI79: NaN | AJ79: NaN | AK79: NaN | AL79: NaN | AM79: NaN | AN79: NaN | AO79: NaN | AP79: NaN | AQ79: NaN | AR79: NaN | AS79: NaN | AT79: NaN | AU79: NaN | AV79: NaN | AW79: NaN | AX79: NaN | AY79: NaN | AZ79: NaN | BA79: NaN | BB79: NaN | BC79: NaN | BD79: NaN | BE79: NaN | BF79: NaN | BG79: NaN | BH79: NaN | BI79: NaN | BJ79: NaN | BK79: NaN | BL79: NaN | BM79: NaN | BN79: NaN | BO79: NaN | BP79: NaN | BQ79: NaN | BR79: NaN | BS79: NaN | BT79: NaN | BU79: NaN | BV79: NaN | BX79: NaN | BY79: NaN | BZ79: NaN | CA79: NaN | CB79: NaN | CC79: NaN | CD79: NaN | CE79: NaN | CF79: NaN | CG79: NaN | CH79: NaN | CI79: NaN | CJ79: NaN | CK79: NaN | CL79: NaN | CM79: NaN | CN79: NaN | CO79: NaN | CP79: NaN | CQ79: NaN | CR79: NaN | CS79: NaN | CT79: NaN | CU79: NaN | CV79: NaN | CW79: NaN | CX79: NaN | CY79: NaN | CZ79: NaN | DA79: NaN | DB79: NaN | DC79: NaN | DD79: NaN | DE79: NaN | DF79: NaN | DG79: NaN | DH79: NaN
A80: 58 | B80: Hussain, S.A.; Yadav, M.P.; Sharma, B.K.; Qi, P.X.; Jin, T.Z. | C80: Biodegradable Food Packaging Films Using a CombiNaNtion of Hemicellulose and Cellulose Derivatives † | D80: 2024 | E80: Polymers | F80: 10.3390/polym16223171 | G80: No | H80: NaN | I80: Multilayer, composite or active packaging material | J80: NaN | K80: NaN | L80: NaN | M80: NaN | N80: NaN | O80: NaN | P80: NaN | Q80: NaN | R80: NaN | S80: NaN | T80: NaN | U80: NaN | V80: NaN | W80: NaN | X80: NaN | Y80: NaN | Z80: NaN | AA80: NaN | AB80: NaN | AC80: NaN | AD80: NaN | AE80: NaN | AF80: NaN | AG80: NaN | AH80: NaN | AI80: NaN | AJ80: NaN | AK80: NaN | AL80: NaN | AM80: NaN | AN80: NaN | AO80: NaN | AP80: NaN | AQ80: NaN | AR80: NaN | AS80: NaN | AT80: NaN | AU80: NaN | AV80: NaN | AW80: NaN | AX80: NaN | AY80: NaN | AZ80: NaN | BA80: NaN | BB80: NaN | BC80: NaN | BD80: NaN | BE80: NaN | BF80: NaN | BG80: NaN | BH80: NaN | BI80: NaN | BJ80: NaN | BK80: NaN | BL80: NaN | BM80: NaN | BN80: NaN | BO80: NaN | BP80: NaN | BQ80: NaN | BR80: NaN | BS80: NaN | BT80: NaN | BU80: NaN | BV80: NaN | BX80: NaN | BY80: NaN | BZ80: NaN | CA80: NaN | CB80: NaN | CC80: NaN | CD80: NaN | CE80: NaN | CF80: NaN | CG80: NaN | CH80: NaN | CI80: NaN | CJ80: NaN | CK80: NaN | CL80: NaN | CM80: NaN | CN80: NaN | CO80: NaN | CP80: NaN | CQ80: NaN | CR80: NaN | CS80: NaN | CT80: NaN | CU80: NaN | CV80: NaN | CW80: NaN | CX80: NaN | CY80: NaN | CZ80: NaN | DA80: NaN | DB80: NaN | DC80: NaN | DD80: NaN | DE80: NaN | DF80: NaN | DG80: NaN | DH80: NaN
A81: 58 | B81: Hussain, S.A.; Yadav, M.P.; Sharma, B.K.; Qi, P.X.; Jin, T.Z. | C81: Biodegradable Food Packaging Films Using a CombiNaNtion of Hemicellulose and Cellulose Derivatives † | D81: 2024 | E81: Polymers | F81: 10.3390/polym16223171 | G81: No | H81: NaN | I81: Multilayer, composite or active packaging material | J81: NaN | K81: NaN | L81: NaN | M81: NaN | N81: NaN | O81: NaN | P81: NaN | Q81: NaN | R81: NaN | S81: NaN | T81: NaN | U81: NaN | V81: NaN | W81: NaN | X81: NaN | Y81: NaN | Z81: NaN | AA81: NaN | AB81: NaN | AC81: NaN | AD81: NaN | AE81: NaN | AF81: NaN | AG81: NaN | AH81: NaN | AI81: NaN | AJ81: NaN | AK81: NaN | AL81: NaN | AM81: NaN | AN81: NaN | AO81: NaN | AP81: NaN | AQ81: NaN | AR81: NaN | AS81: NaN | AT81: NaN | AU81: NaN | AV81: NaN | AW81: NaN | AX81: NaN | AY81: NaN | AZ81: NaN | BA81: NaN | BB81: NaN | BC81: NaN | BD81: NaN | BE81: NaN | BF81: NaN | BG81: NaN | BH81: NaN | BI81: NaN | BJ81: NaN | BK81: NaN | BL81: NaN | BM81: NaN | BN81: NaN | BO81: NaN | BP81: NaN | BQ81: NaN | BR81: NaN | BS81: NaN | BT81: NaN | BU81: NaN | BV81: NaN | BX81: NaN | BY81: NaN | BZ81: NaN | CA81: NaN | CB81: NaN | CC81: NaN | CD81: NaN | CE81: NaN | CF81: NaN | CG81: NaN | CH81: NaN | CI81: NaN | CJ81: NaN | CK81: NaN | CL81: NaN | CM81: NaN | CN81: NaN | CO81: NaN | CP81: NaN | CQ81: NaN | CR81: NaN | CS81: NaN | CT81: NaN | CU81: NaN | CV81: NaN | CW81: NaN | CX81: NaN | CY81: NaN | CZ81: NaN | DA81: NaN | DB81: NaN | DC81: NaN | DD81: NaN | DE81: NaN | DF81: NaN | DG81: NaN | DH81: NaN
A82: 58 | B82: Hussain, S.A.; Yadav, M.P.; Sharma, B.K.; Qi, P.X.; Jin, T.Z. | C82: Biodegradable Food Packaging Films Using a CombiNaNtion of Hemicellulose and Cellulose Derivatives † | D82: 2024 | E82: Polymers | F82: 10.3390/polym16223171 | G82: No | H82: NaN | I82: Multilayer, composite or active packaging material | J82: NaN | K82: NaN | L82: NaN | M82: NaN | N82: NaN | O82: NaN | P82: NaN | Q82: NaN | R82: NaN | S82: NaN | T82: NaN | U82: NaN | V82: NaN | W82: NaN | X82: NaN | Y82: NaN | Z82: NaN | AA82: NaN | AB82: NaN | AC82: NaN | AD82: NaN | AE82: NaN | AF82: NaN | AG82: NaN | AH82: NaN | AI82: NaN | AJ82: NaN | AK82: NaN | AL82: NaN | AM82: NaN | AN82: NaN | AO82: NaN | AP82: NaN | AQ82: NaN | AR82: NaN | AS82: NaN | AT82: NaN | AU82: NaN | AV82: NaN | AW82: NaN | AX82: NaN | AY82: NaN | AZ82: NaN | BA82: NaN | BB82: NaN | BC82: NaN | BD82: NaN | BE82: NaN | BF82: NaN | BG82: NaN | BH82: NaN | BI82: NaN | BJ82: NaN | BK82: NaN | BL82: NaN | BM82: NaN | BN82: NaN | BO82: NaN | BP82: NaN | BQ82: NaN | BR82: NaN | BS82: NaN | BT82: NaN | BU82: NaN | BV82: NaN | BX82: NaN | BY82: NaN | BZ82: NaN | CA82: NaN | CB82: NaN | CC82: NaN | CD82: NaN | CE82: NaN | CF82: NaN | CG82: NaN | CH82: NaN | CI82: NaN | CJ82: NaN | CK82: NaN | CL82: NaN | CM82: NaN | CN82: NaN | CO82: NaN | CP82: NaN | CQ82: NaN | CR82: NaN | CS82: NaN | CT82: NaN | CU82: NaN | CV82: NaN | CW82: NaN | CX82: NaN | CY82: NaN | CZ82: NaN | DA82: NaN | DB82: NaN | DC82: NaN | DD82: NaN | DE82: NaN | DF82: NaN | DG82: NaN | DH82: NaN
A83: 58 | B83: Hussain, S.A.; Yadav, M.P.; Sharma, B.K.; Qi, P.X.; Jin, T.Z. | C83: Biodegradable Food Packaging Films Using a CombiNaNtion of Hemicellulose and Cellulose Derivatives † | D83: 2024 | E83: Polymers | F83: 10.3390/polym16223171 | G83: No | H83: NaN | I83: Multilayer, composite or active packaging material | J83: NaN | K83: NaN | L83: NaN | M83: NaN | N83: NaN | O83: NaN | P83: NaN | Q83: NaN | R83: NaN | S83: NaN | T83: NaN | U83: NaN | V83: NaN | W83: NaN | X83: NaN | Y83: NaN | Z83: NaN | AA83: NaN | AB83: NaN | AC83: NaN | AD83: NaN | AE83: NaN | AF83: NaN | AG83: NaN | AH83: NaN | AI83: NaN | AJ83: NaN | AK83: NaN | AL83: NaN | AM83: NaN | AN83: NaN | AO83: NaN | AP83: NaN | AQ83: NaN | AR83: NaN | AS83: NaN | AT83: NaN | AU83: NaN | AV83: NaN | AW83: NaN | AX83: NaN | AY83: NaN | AZ83: NaN | BA83: NaN | BB83: NaN | BC83: NaN | BD83: NaN | BE83: NaN | BF83: NaN | BG83: NaN | BH83: NaN | BI83: NaN | BJ83: NaN | BK83: NaN | BL83: NaN | BM83: NaN | BN83: NaN | BO83: NaN | BP83: NaN | BQ83: NaN | BR83: NaN | BS83: NaN | BT83: NaN | BU83: NaN | BV83: NaN | BX83: NaN | BY83: NaN | BZ83: NaN | CA83: NaN | CB83: NaN | CC83: NaN | CD83: NaN | CE83: NaN | CF83: NaN | CG83: NaN | CH83: NaN | CI83: NaN | CJ83: NaN | CK83: NaN | CL83: NaN | CM83: NaN | CN83: NaN | CO83: NaN | CP83: NaN | CQ83: NaN | CR83: NaN | CS83: NaN | CT83: NaN | CU83: NaN | CV83: NaN | CW83: NaN | CX83: NaN | CY83: NaN | CZ83: NaN | DA83: NaN | DB83: NaN | DC83: NaN | DD83: NaN | DE83: NaN | DF83: NaN | DG83: NaN | DH83: NaN
A84: 58 | B84: Hussain, S.A.; Yadav, M.P.; Sharma, B.K.; Qi, P.X.; Jin, T.Z. | C84: Biodegradable Food Packaging Films Using a CombiNaNtion of Hemicellulose and Cellulose Derivatives † | D84: 2024 | E84: Polymers | F84: 10.3390/polym16223171 | G84: No | H84: NaN | I84: Multilayer, composite or active packaging material | J84: NaN | K84: NaN | L84: NaN | M84: NaN | N84: NaN | O84: NaN | P84: NaN | Q84: NaN | R84: NaN | S84: NaN | T84: NaN | U84: NaN | V84: NaN | W84: NaN | X84: NaN | Y84: NaN | Z84: NaN | AA84: NaN | AB84: NaN | AC84: NaN | AD84: NaN | AE84: NaN | AF84: NaN | AG84: NaN | AH84: NaN | AI84: NaN | AJ84: NaN | AK84: NaN | AL84: NaN | AM84: NaN | AN84: NaN | AO84: NaN | AP84: NaN | AQ84: NaN | AR84: NaN | AS84: NaN | AT84: NaN | AU84: NaN | AV84: NaN | AW84: NaN | AX84: NaN | AY84: NaN | AZ84: NaN | BA84: NaN | BB84: NaN | BC84: NaN | BD84: NaN | BE84: NaN | BF84: NaN | BG84: NaN | BH84: NaN | BI84: NaN | BJ84: NaN | BK84: NaN | BL84: NaN | BM84: NaN | BN84: NaN | BO84: NaN | BP84: NaN | BQ84: NaN | BR84: NaN | BS84: NaN | BT84: NaN | BU84: NaN | BV84: NaN | BX84: NaN | BY84: NaN | BZ84: NaN | CA84: NaN | CB84: NaN | CC84: NaN | CD84: NaN | CE84: NaN | CF84: NaN | CG84: NaN | CH84: NaN | CI84: NaN | CJ84: NaN | CK84: NaN | CL84: NaN | CM84: NaN | CN84: NaN | CO84: NaN | CP84: NaN | CQ84: NaN | CR84: NaN | CS84: NaN | CT84: NaN | CU84: NaN | CV84: NaN | CW84: NaN | CX84: NaN | CY84: NaN | CZ84: NaN | DA84: NaN | DB84: NaN | DC84: NaN | DD84: NaN | DE84: NaN | DF84: NaN | DG84: NaN | DH84: NaN
A85: 58 | B85: Hussain, S.A.; Yadav, M.P.; Sharma, B.K.; Qi, P.X.; Jin, T.Z. | C85: Biodegradable Food Packaging Films Using a CombiNaNtion of Hemicellulose and Cellulose Derivatives † | D85: 2024 | E85: Polymers | F85: 10.3390/polym16223171 | G85: No | H85: NaN | I85: Multilayer, composite or active packaging material | J85: NaN | K85: NaN | L85: NaN | M85: NaN | N85: NaN | O85: NaN | P85: NaN | Q85: NaN | R85: NaN | S85: NaN | T85: NaN | U85: NaN | V85: NaN | W85: NaN | X85: NaN | Y85: NaN | Z85: NaN | AA85: NaN | AB85: NaN | AC85: NaN | AD85: NaN | AE85: NaN | AF85: NaN | AG85: NaN | AH85: NaN | AI85: NaN | AJ85: NaN | AK85: NaN | AL85: NaN | AM85: NaN | AN85: NaN | AO85: NaN | AP85: NaN | AQ85: NaN | AR85: NaN | AS85: NaN | AT85: NaN | AU85: NaN | AV85: NaN | AW85: NaN | AX85: NaN | AY85: NaN | AZ85: NaN | BA85: NaN | BB85: NaN | BC85: NaN | BD85: NaN | BE85: NaN | BF85: NaN | BG85: NaN | BH85: NaN | BI85: NaN | BJ85: NaN | BK85: NaN | BL85: NaN | BM85: NaN | BN85: NaN | BO85: NaN | BP85: NaN | BQ85: NaN | BR85: NaN | BS85: NaN | BT85: NaN | BU85: NaN | BV85: NaN | BX85: NaN | BY85: NaN | BZ85: NaN | CA85: NaN | CB85: NaN | CC85: NaN | CD85: NaN | CE85: NaN | CF85: NaN | CG85: NaN | CH85: NaN | CI85: NaN | CJ85: NaN | CK85: NaN | CL85: NaN | CM85: NaN | CN85: NaN | CO85: NaN | CP85: NaN | CQ85: NaN | CR85: NaN | CS85: NaN | CT85: NaN | CU85: NaN | CV85: NaN | CW85: NaN | CX85: NaN | CY85: NaN | CZ85: NaN | DA85: NaN | DB85: NaN | DC85: NaN | DD85: NaN | DE85: NaN | DF85: NaN | DG85: NaN | DH85: NaN
... A90: 62 | B90: Rojas-Candelas, L.E.; Duque-Buitrago, L.F.; Díaz-Ramírez, M.; González-Vázquez, M.; Arredondo-Tamayo, B.; Mendez, J.V.; Renteria-Ortega, M.; Quiroz-Estrada, K. | C90: Development of Pericarp-Based Coatings from Corn Nixtamalization Residue for Stone Fruits: Applications for Peach and Tejocote | D90: 2024 | E90: Coatings | F90: 10.3390/coatings14101296 | G90: No | H90: NaN | I90: Test conditions (T, RH, thickness) for barrier properties not recorded | J90: NaN | K90: NaN | L90: NaN | M90: NaN | N90: NaN | O90: NaN | P90: NaN | Q90: NaN | R90: NaN | S90: NaN | T90: NaN | U90: NaN | V90: NaN | W90: NaN | X90: NaN | Y90: NaN | Z90: NaN | AA90: NaN | AB90: NaN | AC90: NaN | AD90: NaN | AE90: NaN | AF90: NaN | AG90: NaN | AH90: NaN | AI90: NaN | AJ90: NaN | AK90: NaN | AL90: NaN | AM90: NaN | AN90: NaN | AO90: NaN | AP90: NaN | AQ90: NaN | AR90: NaN | AS90: NaN | AT90: NaN | AU90: NaN | AV90: NaN | AW90: NaN | AX90: NaN | AY90: NaN | AZ90: NaN | BA90: NaN | BB90: NaN | BC90: NaN | BD90: NaN | BE90: NaN | BF90: NaN | BG90: NaN | BH90: NaN | BI90: NaN | BJ90: NaN | BK90: NaN | BL90: NaN | BM90: NaN | BN90: NaN | BO90: NaN | BP90: NaN | BQ90: NaN | BR90: NaN | BS90: NaN | BT90: NaN | BU90: NaN | BV90: NaN | BX90: NaN | BY90: NaN | BZ90: NaN | CA90: NaN | CB90: NaN | CC90: NaN | CD90: NaN | CE90: NaN | CF90: NaN | CG90: NaN | CH90: NaN | CI90: NaN | CJ90: NaN | CK90: NaN | CL90: NaN | CM90: NaN | CN90: NaN | CO90: NaN | CP90: NaN | CQ90: NaN | CR90: NaN | CS90: NaN | CT90: NaN | CU90: NaN | CV90: NaN | CW90: NaN | CX90: NaN | CY90: NaN | CZ90: NaN | DA90: NaN | DB90: NaN | DC90: NaN | DD90: NaN | DE90: NaN | DF90: NaN | DG90: NaN | DH90: NaN
A91: 63 | B91: Bianchi, E.; Soccio, M.; Siracusa, V.; Gazzano, M.; Thiyagarajan, S.; Lotti, N. | C91: Poly(alkylene 2,4-furanoate)s: The potential of structural isomerism for outstanding Sustainable food packaging and unexpected evidence of self-healing microstructure | D91: 2024 | E91: Reactive and Functional Polymers | F91: 10.1016/j.reactfunctpolym.2024.106010 | G91: No | H91: 0.64 | I91: QS < 0.8 | J91: NaN | K91: NaN | L91: NaN | M91: NaN | N91: NaN | O91: NaN | P91: NaN | Q91: NaN | R91: NaN | S91: NaN | T91: NaN | U91: NaN | V91: NaN | W91: NaN | X91: NaN | Y91: NaN | Z91: NaN | AA91: NaN | AB91: NaN | AC91: NaN | AD91: NaN | AE91: NaN | AF91: NaN | AG91: NaN | AH91: NaN | AI91: NaN | AJ91: NaN | AK91: NaN | AL91: NaN | AM91: NaN | AN91: NaN | AO91: NaN | AP91: NaN | AQ91: NaN | AR91: NaN | AS91: NaN | AT91: NaN | AU91: NaN | AV91: NaN | AW91: NaN | AX91: NaN | AY91: NaN | AZ91: NaN | BA91: NaN | BB91: NaN | BC91: NaN | BD91: NaN | BE91: NaN | BF91: NaN | BG91: NaN | BH91: NaN | BI91: NaN | BJ91: NaN | BK91: NaN | BL91: NaN | BM91: NaN | BN91: NaN | BO91: NaN | BP91: NaN | BQ91: NaN | BR91: NaN | BS91: NaN | BT91: NaN | BU91: NaN | BV91: NaN | BX91: NaN | BY91: NaN | BZ91: NaN | CA91: NaN | CB91: NaN | CC91: NaN | CD91: NaN | CE91: NaN | CF91: NaN | CG91: NaN | CH91: NaN | CI91: NaN | CJ91: NaN | CK91: NaN | CL91: NaN | CM91: NaN | CN91: NaN | CO91: NaN | CP91: NaN | CQ91: NaN | CR91: NaN | CS91: NaN | CT91: NaN | CU91: NaN | CV91: NaN | CW91: NaN | CX91: NaN | CY91: NaN | CZ91: NaN | DA91: NaN | DB91: NaN | DC91: NaN | DD91: NaN | DE91: NaN | DF91: NaN | DG91: NaN | DH91: NaN
A92: 63 | B92: Bianchi, E.; Soccio, M.; Siracusa, V.; Gazzano, M.; Thiyagarajan, S.; Lotti, N. | C92: Poly(alkylene 2,4-furanoate)s: The potential of structural isomerism for outstanding Sustainable food packaging and unexpected evidence of self-healing microstructure | D92: 2024 | E92: Reactive and Functional Polymers | F92: 10.1016/j.reactfunctpolym.2024.106010 | G92: No | H92: 0.64 | I92: QS < 0.8 | J92: NaN | K92: NaN | L92: NaN | M92: NaN | N92: NaN | O92: NaN | P92: NaN | Q92: NaN | R92: NaN | S92: NaN | T92: NaN | U92: NaN | V92: NaN | W92: NaN | X92: NaN | Y92: NaN | Z92: NaN | AA92: NaN | AB92: NaN | AC92: NaN | AD92: NaN | AE92: NaN | AF92: NaN | AG92: NaN | AH92: NaN | AI92: NaN | AJ92: NaN | AK92: NaN | AL92: NaN | AM92: NaN | AN92: NaN | AO92: NaN | AP92: NaN | AQ92: NaN | AR92: NaN | AS92: NaN | AT92: NaN | AU92: NaN | AV92: NaN | AW92: NaN | AX92: NaN | AY92: NaN | AZ92: NaN | BA92: NaN | BB92: NaN | BC92: NaN | BD92: NaN | BE92: NaN | BF92: NaN | BG92: NaN | BH92: NaN | BI92: NaN | BJ92: NaN | BK92: NaN | BL92: NaN | BM92: NaN | BN92: NaN | BO92: NaN | BP92: NaN | BQ92: NaN | BR92: NaN | BS92: NaN | BT92: NaN | BU92: NaN | BV92: NaN | BX92: NaN | BY92: NaN | BZ92: NaN | CA92: NaN | CB92: NaN | CC92: NaN | CD92: NaN | CE92: NaN | CF92: NaN | CG92: NaN | CH92: NaN | CI92: NaN | CJ92: NaN | CK92: NaN | CL92: NaN | CM92: NaN | CN92: NaN | CO92: NaN | CP92: NaN | CQ92: NaN | CR92: NaN | CS92: NaN | CT92: NaN | CU92: NaN | CV92: NaN | CW92: NaN | CX92: NaN | CY92: NaN | CZ92: NaN | DA92: NaN | DB92: NaN | DC92: NaN | DD92: NaN | DE92: NaN | DF92: NaN | DG92: NaN | DH92: NaN
A93: 63 | B93: Bianchi, E.; Soccio, M.; Siracusa, V.; Gazzano, M.; Thiyagarajan, S.; Lotti, N. | C93: Poly(alkylene 2,4-furanoate)s: The potential of structural isomerism for outstanding Sustainable food packaging and unexpected evidence of self-healing microstructure | D93: 2024 | E93: Reactive and Functional Polymers | F93: 10.1016/j.reactfunctpolym.2024.106010 | G93: No | H93: 0.64 | I93: QS < 0.8 | J93: NaN | K93: NaN | L93: NaN | M93: NaN | N93: NaN | O93: NaN | P93: NaN | Q93: NaN | R93: NaN | S93: NaN | T93: NaN | U93: NaN | V93: NaN | W93: NaN | X93: NaN | Y93: NaN | Z93: NaN | AA93: NaN | AB93: NaN | AC93: NaN | AD93: NaN | AE93: NaN | AF93: NaN | AG93: NaN | AH93: NaN | AI93: NaN | AJ93: NaN | AK93: NaN | AL93: NaN | AM93: NaN | AN93: NaN | AO93: NaN | AP93: NaN | AQ93: NaN | AR93: NaN | AS93: NaN | AT93: NaN | AU93: NaN | AV93: NaN | AW93: NaN | AX93: NaN | AY93: NaN | AZ93: NaN | BA93: NaN | BB93: NaN | BC93: NaN | BD93: NaN | BE93: NaN | BF93: NaN | BG93: NaN | BH93: NaN | BI93: NaN | BJ93: NaN | BK93: NaN | BL93: NaN | BM93: NaN | BN93: NaN | BO93: NaN | BP93: NaN | BQ93: NaN | BR93: NaN | BS93: NaN | BT93: NaN | BU93: NaN | BV93: NaN | BX93: NaN | BY93: NaN | BZ93: NaN | CA93: NaN | CB93: NaN | CC93: NaN | CD93: NaN | CE93: NaN | CF93: NaN | CG93: NaN | CH93: NaN | CI93: NaN | CJ93: NaN | CK93: NaN | CL93: NaN | CM93: NaN | CN93: NaN | CO93: NaN | CP93: NaN | CQ93: NaN | CR93: NaN | CS93: NaN | CT93: NaN | CU93: NaN | CV93: NaN | CW93: NaN | CX93: NaN | CY93: NaN | CZ93: NaN | DA93: NaN | DB93: NaN | DC93: NaN | DD93: NaN | DE93: NaN | DF93: NaN | DG93: NaN | DH93: NaN
A94: 63 | B94: Bianchi, E.; Soccio, M.; Siracusa, V.; Gazzano, M.; Thiyagarajan, S.; Lotti, N. | C94: Poly(alkylene 2,4-furanoate)s: The potential of structural isomerism for outstanding Sustainable food packaging and unexpected evidence of self-healing microstructure | D94: 2024 | E94: Reactive and Functional Polymers | F94: 10.1016/j.reactfunctpolym.2024.106010 | G94: No | H94: 0.64 | I94: QS < 0.8 | J94: NaN | K94: NaN | L94: NaN | M94: NaN | N94: NaN | O94: NaN | P94: NaN | Q94: NaN | R94: NaN | S94: NaN | T94: NaN | U94: NaN | V94: NaN | W94: NaN | X94: NaN | Y94: NaN | Z94: NaN | AA94: NaN | AB94: NaN | AC94: NaN | AD94: NaN | AE94: NaN | AF94: NaN | AG94: NaN | AH94: NaN | AI94: NaN | AJ94: NaN | AK94: NaN | AL94: NaN | AM94: NaN | AN94: NaN | AO94: NaN | AP94: NaN | AQ94: NaN | AR94: NaN | AS94: NaN | AT94: NaN | AU94: NaN | AV94: NaN | AW94: NaN | AX94: NaN | AY94: NaN | AZ94: NaN | BA94: NaN | BB94: NaN | BC94: NaN | BD94: NaN | BE94: NaN | BF94: NaN | BG94: NaN | BH94: NaN | BI94: NaN | BJ94: NaN | BK94: NaN | BL94: NaN | BM94: NaN | BN94: NaN | BO94: NaN | BP94: NaN | BQ94: NaN | BR94: NaN | BS94: NaN | BT94: NaN | BU94: NaN | BV94: NaN | BX94: NaN | BY94: NaN | BZ94: NaN | CA94: NaN | CB94: NaN | CC94: NaN | CD94: NaN | CE94: NaN | CF94: NaN | CG94: NaN | CH94: NaN | CI94: NaN | CJ94: NaN | CK94: NaN | CL94: NaN | CM94: NaN | CN94: NaN | CO94: NaN | CP94: NaN | CQ94: NaN | CR94: NaN | CS94: NaN | CT94: NaN | CU94: NaN | CV94: NaN | CW94: NaN | CX94: NaN | CY94: NaN | CZ94: NaN | DA94: NaN | DB94: NaN | DC94: NaN | DD94: NaN | DE94: NaN | DF94: NaN | DG94: NaN | DH94: NaN
A95: 63 | B95: Bianchi, E.; Soccio, M.; Siracusa, V.; Gazzano, M.; Thiyagarajan, S.; Lotti, N. | C95: Poly(alkylene 2,4-furanoate)s: The potential of structural isomerism for outstanding Sustainable food packaging and unexpected evidence of self-healing microstructure | D95: 2024 | E95: Reactive and Functional Polymers | F95: 10.1016/j.reactfunctpolym.2024.106010 | G95: No | H95: 0.64 | I95: QS < 0.8 | J95: NaN | K95: NaN | L95: NaN | M95: NaN | N95: NaN | O95: NaN | P95: NaN | Q95: NaN | R95: NaN | S95: NaN | T95: NaN | U95: NaN | V95: NaN | W95: NaN | X95: NaN | Y95: NaN | Z95: NaN | AA95: NaN | AB95: NaN | AC95: NaN | AD95: NaN | AE95: NaN | AF95: NaN | AG95: NaN | AH95: NaN | AI95: NaN | AJ95: NaN | AK95: NaN | AL95: NaN | AM95: NaN | AN95: NaN | AO95: NaN | AP95: NaN | AQ95: NaN | AR95: NaN | AS95: NaN | AT95: NaN | AU95: NaN | AV95: NaN | AW95: NaN | AX95: NaN | AY95: NaN | AZ95: NaN | BA95: NaN | BB95: NaN | BC95: NaN | BD95: NaN | BE95: NaN | BF95: NaN | BG95: NaN | BH95: NaN | BI95: NaN | BJ95: NaN | BK95: NaN | BL95: NaN | BM95: NaN | BN95: NaN | BO95: NaN | BP95: NaN | BQ95: NaN | BR95: NaN | BS95: NaN | BT95: NaN | BU95: NaN | BV95: NaN | BX95: NaN | BY95: NaN | BZ95: NaN | CA95: NaN | CB95: NaN | CC95: NaN | CD95: NaN | CE95: NaN | CF95: NaN | CG95: NaN | CH95: NaN | CI95: NaN | CJ95: NaN | CK95: NaN | CL95: NaN | CM95: NaN | CN95: NaN | CO95: NaN | CP95: NaN | CQ95: NaN | CR95: NaN | CS95: NaN | CT95: NaN | CU95: NaN | CV95: NaN | CW95: NaN | CX95: NaN | CY95: NaN | CZ95: NaN | DA95: NaN | DB95: NaN | DC95: NaN | DD95: NaN | DE95: NaN | DF95: NaN | DG95: NaN | DH95: NaN
A96: 63 | B96: Bianchi, E.; Soccio, M.; Siracusa, V.; Gazzano, M.; Thiyagarajan, S.; Lotti, N. | C96: Poly(alkylene 2,4-furanoate)s: The potential of structural isomerism for outstanding Sustainable food packaging and unexpected evidence of self-healing microstructure | D96: 2024 | E96: Reactive and Functional Polymers | F96: 10.1016/j.reactfunctpolym.2024.106010 | G96: No | H96: 0.64 | I96: QS < 0.8 | J96: NaN | K96: NaN | L96: NaN | M96: NaN | N96: NaN | O96: NaN | P96: NaN | Q96: NaN | R96: NaN | S96: NaN | T96: NaN | U96: NaN | V96: NaN | W96: NaN | X96: NaN | Y96: NaN | Z96: NaN | AA96: NaN | AB96: NaN | AC96: NaN | AD96: NaN | AE96: NaN | AF96: NaN | AG96: NaN | AH96: NaN | AI96: NaN | AJ96: NaN | AK96: NaN | AL96: NaN | AM96: NaN | AN96: NaN | AO96: NaN | AP96: NaN | AQ96: NaN | AR96: NaN | AS96: NaN | AT96: NaN | AU96: NaN | AV96: NaN | AW96: NaN | AX96: NaN | AY96: NaN | AZ96: NaN | BA96: NaN | BB96: NaN | BC96: NaN | BD96: NaN | BE96: NaN | BF96: NaN | BG96: NaN | BH96: NaN | BI96: NaN | BJ96: NaN | BK96: NaN | BL96: NaN | BM96: NaN | BN96: NaN | BO96: NaN | BP96: NaN | BQ96: NaN | BR96: NaN | BS96: NaN | BT96: NaN | BU96: NaN | BV96: NaN | BX96: NaN | BY96: NaN | BZ96: NaN | CA96: NaN | CB96: NaN | CC96: NaN | CD96: NaN | CE96: NaN | CF96: NaN | CG96: NaN | CH96: NaN | CI96: NaN | CJ96: NaN | CK96: NaN | CL96: NaN | CM96: NaN | CN96: NaN | CO96: NaN | CP96: NaN | CQ96: NaN | CR96: NaN | CS96: NaN | CT96: NaN | CU96: NaN | CV96: NaN | CW96: NaN | CX96: NaN | CY96: NaN | CZ96: NaN | DA96: NaN | DB96: NaN | DC96: NaN | DD96: NaN | DE96: NaN | DF96: NaN | DG96: NaN | DH96: NaN
A97: 63 | B97: Bianchi, E.; Soccio, M.; Siracusa, V.; Gazzano, M.; Thiyagarajan, S.; Lotti, N. | C97: Poly(alkylene 2,4-furanoate)s: The potential of structural isomerism for outstanding Sustainable food packaging and unexpected evidence of self-healing microstructure | D97: 2024 | E97: Reactive and Functional Polymers | F97: 10.1016/j.reactfunctpolym.2024.106010 | G97: No | H97: 0.64 | I97: QS < 0.8 | J97: NaN | K97: NaN | L97: NaN | M97: NaN | N97: NaN | O97: NaN | P97: NaN | Q97: NaN | R97: NaN | S97: NaN | T97: NaN | U97: NaN | V97: NaN | W97: NaN | X97: NaN | Y97: NaN | Z97: NaN | AA97: NaN | AB97: NaN | AC97: NaN | AD97: NaN | AE97: NaN | AF97: NaN | AG97: NaN | AH97: NaN | AI97: NaN | AJ97: NaN | AK97: NaN | AL97: NaN | AM97: NaN | AN97: NaN | AO97: NaN | AP97: NaN | AQ97: NaN | AR97: NaN | AS97: NaN | AT97: NaN | AU97: NaN | AV97: NaN | AW97: NaN | AX97: NaN | AY97: NaN | AZ97: NaN | BA97: NaN | BB97: NaN | BC97: NaN | BD97: NaN | BE97: NaN | BF97: NaN | BG97: NaN | BH97: NaN | BI97: NaN | BJ97: NaN | BK97: NaN | BL97: NaN | BM97: NaN | BN97: NaN | BO97: NaN | BP97: NaN | BQ97: NaN | BR97: NaN | BS97: NaN | BT97: NaN | BU97: NaN | BV97: NaN | BX97: NaN | BY97: NaN | BZ97: NaN | CA97: NaN | CB97: NaN | CC97: NaN | CD97: NaN | CE97: NaN | CF97: NaN | CG97: NaN | CH97: NaN | CI97: NaN | CJ97: NaN | CK97: NaN | CL97: NaN | CM97: NaN | CN97: NaN | CO97: NaN | CP97: NaN | CQ97: NaN | CR97: NaN | CS97: NaN | CT97: NaN | CU97: NaN | CV97: NaN | CW97: NaN | CX97: NaN | CY97: NaN | CZ97: NaN | DA97: NaN | DB97: NaN | DC97: NaN | DD97: NaN | DE97: NaN | DF97: NaN | DG97: NaN | DH97: NaN
A98: 63 | B98: Bianchi, E.; Soccio, M.; Siracusa, V.; Gazzano, M.; Thiyagarajan, S.; Lotti, N. | C98: Poly(alkylene 2,4-furanoate)s: The potential of structural isomerism for outstanding Sustainable food packaging and unexpected evidence of self-healing microstructure | D98: 2024 | E98: Reactive and Functional Polymers | F98: 10.1016/j.reactfunctpolym.2024.106010 | G98: No | H98: 0.64 | I98: QS < 0.8 | J98: NaN | K98: NaN | L98: NaN | M98: NaN | N98: NaN | O98: NaN | P98: NaN | Q98: NaN | R98: NaN | S98: NaN | T98: NaN | U98: NaN | V98: NaN | W98: NaN | X98: NaN | Y98: NaN | Z98: NaN | AA98: NaN | AB98: NaN | AC98: NaN | AD98: NaN | AE98: NaN | AF98: NaN | AG98: NaN | AH98: NaN | AI98: NaN | AJ98: NaN | AK98: NaN | AL98: NaN | AM98: NaN | AN98: NaN | AO98: NaN | AP98: NaN | AQ98: NaN | AR98: NaN | AS98: NaN | AT98: NaN | AU98: NaN | AV98: NaN | AW98: NaN | AX98: NaN | AY98: NaN | AZ98: NaN | BA98: NaN | BB98: NaN | BC98: NaN | BD98: NaN | BE98: NaN | BF98: NaN | BG98: NaN | BH98: NaN | BI98: NaN | BJ98: NaN | BK98: NaN | BL98: NaN | BM98: NaN | BN98: NaN | BO98: NaN | BP98: NaN | BQ98: NaN | BR98: NaN | BS98: NaN | BT98: NaN | BU98: NaN | BV98: NaN | BX98: NaN | BY98: NaN | BZ98: NaN | CA98: NaN | CB98: NaN | CC98: NaN | CD98: NaN | CE98: NaN | CF98: NaN | CG98: NaN | CH98: NaN | CI98: NaN | CJ98: NaN | CK98: NaN | CL98: NaN | CM98: NaN | CN98: NaN | CO98: NaN | CP98: NaN | CQ98: NaN | CR98: NaN | CS98: NaN | CT98: NaN | CU98: NaN | CV98: NaN | CW98: NaN | CX98: NaN | CY98: NaN | CZ98: NaN | DA98: NaN | DB98: NaN | DC98: NaN | DD98: NaN | DE98: NaN | DF98: NaN | DG98: NaN | DH98: NaN
A99: 63 | B99: Bianchi, E.; Soccio, M.; Siracusa, V.; Gazzano, M.; Thiyagarajan, S.; Lotti, N. | C99: Poly(alkylene 2,4-furanoate)s: The potential of structural isomerism for outstanding Sustainable food packaging and unexpected evidence of self-healing microstructure | D99: 2024 | E99: Reactive and Functional Polymers | F99: 10.1016/j.reactfunctpolym.2024.106010 | G99: No | H99: 0.64 | I99: QS < 0.8 | J99: NaN | K99: NaN | L99: NaN | M99: NaN | N99: NaN | O99: NaN | P99: NaN | Q99: NaN | R99: NaN | S99: NaN | T99: NaN | U99: NaN | V99: NaN | W99: NaN | X99: NaN | Y99: NaN | Z99: NaN | AA99: NaN | AB99: NaN | AC99: NaN | AD99: NaN | AE99: NaN | AF99: NaN | AG99: NaN | AH99: NaN | AI99: NaN | AJ99: NaN | AK99: NaN | AL99: NaN | AM99: NaN | AN99: NaN | AO99: NaN | AP99: NaN | AQ99: NaN | AR99: NaN | AS99: NaN | AT99: NaN | AU99: NaN | AV99: NaN | AW99: NaN | AX99: NaN | AY99: NaN | AZ99: NaN | BA99: NaN | BB99: NaN | BC99: NaN | BD99: NaN | BE99: NaN | BF99: NaN | BG99: NaN | BH99: NaN | BI99: NaN | BJ99: NaN | BK99: NaN | BL99: NaN | BM99: NaN | BN99: NaN | BO99: NaN | BP99: NaN | BQ99: NaN | BR99: NaN | BS99: NaN | BT99: NaN | BU99: NaN | BV99: NaN | BX99: NaN | BY99: NaN | BZ99: NaN | CA99: NaN | CB99: NaN | CC99: NaN | CD99: NaN | CE99: NaN | CF99: NaN | CG99: NaN | CH99: NaN | CI99: NaN | CJ99: NaN | CK99: NaN | CL99: NaN | CM99: NaN | CN99: NaN | CO99: NaN | CP99: NaN | CQ99: NaN | CR99: NaN | CS99: NaN | CT99: NaN | CU99: NaN | CV99: NaN | CW99: NaN | CX99: NaN | CY99: NaN | CZ99: NaN | DA99: NaN | DB99: NaN | DC99: NaN | DD99: NaN | DE99: NaN | DF99: NaN | DG99: NaN | DH99: NaN
A100: 64 | B100: Maitha, I.M.; Okoth, M.W.; Njue, L.G.; Mbuge, D.O. | C100: Development of eco-friendly food packaging bio-film from cassava starch plasticized with coconut oil | D100: 2024 | E100: East African journal of Science, Technology and Innovation | F100: 10.37425/68e3hv02 | G100: No | H100: 0.71 | I100: QS < 0.8 | J100: NaN | K100: NaN | L100: NaN | M100: NaN | N100: NaN | O100: NaN | P100: NaN | Q100: NaN | R100: NaN | S100: NaN | T100: NaN | U100: NaN | V100: NaN | W100: NaN | X100: NaN | Y100: NaN | Z100: NaN | AA100: NaN | AB100: NaN | AC100: NaN | AD100: NaN | AE100: NaN | AF100: NaN | AG100: NaN | AH100: NaN | AI100: NaN | AJ100: NaN | AK100: NaN | AL100: NaN | AM100: NaN | AN100: NaN | AO100: NaN | AP100: NaN | AQ100: NaN | AR100: NaN | AS100: NaN | AT100: NaN | AU100: NaN | AV100: NaN | AW100: NaN | AX100: NaN | AY100: NaN | AZ100: NaN | BA100: NaN | BB100: NaN | BC100: NaN | BD100: NaN | BE100: NaN | BF100: NaN | BG100: NaN | BH100: NaN | BI100: NaN | BJ100: NaN | BK100: NaN | BL100: NaN | BM100: NaN | BN100: NaN | BO100: NaN | BP100: NaN | BQ100: NaN | BR100: NaN | BS100: NaN | BT100: NaN | BU100: NaN | BV100: NaN | BX100: NaN | BY100: NaN | BZ100: NaN | CA100: NaN | CB100: NaN | CC100: NaN | CD100: NaN | CE100: NaN | CF100: NaN | CG100: NaN | CH100: NaN | CI100: NaN | CJ100: NaN | CK100: NaN | CL100: NaN | CM100: NaN | CN100: NaN | CO100: NaN | CP100: NaN | CQ100: NaN | CR100: NaN | CS100: NaN | CT100: NaN | CU100: NaN | CV100: NaN | CW100: NaN | CX100: NaN | CY100: NaN | CZ100: NaN | DA100: NaN | DB100: NaN | DC100: NaN | DD100: NaN | DE100: NaN | DF100: NaN | DG100: NaN | DH100: NaN
A101: 64 | B101: Maitha, I.M.; Okoth, M.W.; Njue, L.G.; Mbuge, D.O. | C101: Development of eco-friendly food packaging bio-film from cassava starch plasticized with coconut oil | D101: 2024 | E101: East African journal of Science, Technology and Innovation | F101: 10.37425/68e3hv02 | G101: No | H101: 0.71 | I101: QS < 0.8 | J101: NaN | K101: NaN | L101: NaN | M101: NaN | N101: NaN | O101: NaN | P101: NaN | Q101: NaN | R101: NaN | S101: NaN | T101: NaN | U101: NaN | V101: NaN | W101: NaN | X101: NaN | Y101: NaN | Z101: NaN | AA101: NaN | AB101: NaN | AC101: NaN | AD101: NaN | AE101: NaN | AF101: NaN | AG101: NaN | AH101: NaN | AI101: NaN | AJ101: NaN | AK101: NaN | AL101: NaN | AM101: NaN | AN101: NaN | AO101: NaN | AP101: NaN | AQ101: NaN | AR101: NaN | AS101: NaN | AT101: NaN | AU101: NaN | AV101: NaN | AW101: NaN | AX101: NaN | AY101: NaN | AZ101: NaN | BA101: NaN | BB101: NaN | BC101: NaN | BD101: NaN | BE101: NaN | BF101: NaN | BG101: NaN | BH101: NaN | BI101: NaN | BJ101: NaN | BK101: NaN | BL101: NaN | BM101: NaN | BN101: NaN | BO101: NaN | BP101: NaN | BQ101: NaN | BR101: NaN | BS101: NaN | BT101: NaN | BU101: NaN | BV101: NaN | BX101: NaN | BY101: NaN | BZ101: NaN | CA101: NaN | CB101: NaN | CC101: NaN | CD101: NaN | CE101: NaN | CF101: NaN | CG101: NaN | CH101: NaN | CI101: NaN | CJ101: NaN | CK101: NaN | CL101: NaN | CM101: NaN | CN101: NaN | CO101: NaN | CP101: NaN | CQ101: NaN | CR101: NaN | CS101: NaN | CT101: NaN | CU101: NaN | CV101: NaN | CW101: NaN | CX101: NaN | CY101: NaN | CZ101: NaN | DA101: NaN | DB101: NaN | DC101: NaN | DD101: NaN | DE101: NaN | DF101: NaN | DG101: NaN | DH101: NaN
A102: 65 | B102: He, W.-J.; Xu, Q.-D.; Chen, N.; Zeng, W.-C. | C102: Establishing a biodegradable film with gluten and tea polyphenols: Structure, properties, and function | D102: 2024 | E102: LWT | F102: 10.1016/j.lwt.2024.116693 | G102: No | H102: NaN | I102: Test conditions (T, RH, thickness) for barrier properties not recorded | J102: NaN | K102: NaN | L102: NaN | M102: NaN | N102: NaN | O102: NaN | P102: NaN | Q102: NaN | R102: NaN | S102: NaN | T102: NaN | U102: NaN | V102: NaN | W102: NaN | X102: NaN | Y102: NaN | Z102: NaN | AA102: NaN | AB102: NaN | AC102: NaN | AD102: NaN | AE102: NaN | AF102: NaN | AG102: NaN | AH102: NaN | AI102: NaN | AJ102: NaN | AK102: NaN | AL102: NaN | AM102: NaN | AN102: NaN | AO102: NaN | AP102: NaN | AQ102: NaN | AR102: NaN | AS102: NaN | AT102: NaN | AU102: NaN | AV102: NaN | AW102: NaN | AX102: NaN | AY102: NaN | AZ102: NaN | BA102: NaN | BB102: NaN | BC102: NaN | BD102: NaN | BE102: NaN | BF102: NaN | BG102: NaN | BH102: NaN | BI102: NaN | BJ102: NaN | BK102: NaN | BL102: NaN | BM102: NaN | BN102: NaN | BO102: NaN | BP102: NaN | BQ102: NaN | BR102: NaN | BS102: NaN | BT102: NaN | BU102: NaN | BV102: NaN | BX102: NaN | BY102: NaN | BZ102: NaN | CA102: NaN | CB102: NaN | CC102: NaN | CD102: NaN | CE102: NaN | CF102: NaN | CG102: NaN | CH102: NaN | CI102: NaN | CJ102: NaN | CK102: NaN | CL102: NaN | CM102: NaN | CN102: NaN | CO102: NaN | CP102: NaN | CQ102: NaN | CR102: NaN | CS102: NaN | CT102: NaN | CU102: NaN | CV102: NaN | CW102: NaN | CX102: NaN | CY102: NaN | CZ102: NaN | DA102: NaN | DB102: NaN | DC102: NaN | DD102: NaN | DE102: NaN | DF102: NaN | DG102: NaN | DH102: NaN
A103: 66 | B103: Tosuwan, P.; Leese, H.S.; Chuck, C.J. | C103: Developing Hydrophobic AlgiNaNte-Amine Derivatives as a Coating for Food Packaging | D103: 2024 | E103: ACS Applied Polymer Materials | F103: 10.1021/acsapm.4c01816 | G103: No | H103: NaN | I103: Test conditions (T, RH, thickness) for barrier properties not recorded | J103: NaN | K103: NaN | L103: NaN | M103: NaN | N103: NaN | O103: NaN | P103: NaN | Q103: NaN | R103: NaN | S103: NaN | T103: NaN | U103: NaN | V103: NaN | W103: NaN | X103: NaN | Y103: NaN | Z103: NaN | AA103: NaN | AB103: NaN | AC103: NaN | AD103: NaN | AE103: NaN | AF103: NaN | AG103: NaN | AH103: NaN | AI103: NaN | AJ103: NaN | AK103: NaN | AL103: NaN | AM103: NaN | AN103: NaN | AO103: NaN | AP103: NaN | AQ103: NaN | AR103: NaN | AS103: NaN | AT103: NaN | AU103: NaN | AV103: NaN | AW103: NaN | AX103: NaN | AY103: NaN | AZ103: NaN | BA103: NaN | BB103: NaN | BC103: NaN | BD103: NaN | BE103: NaN | BF103: NaN | BG103: NaN | BH103: NaN | BI103: NaN | BJ103: NaN | BK103: NaN | BL103: NaN | BM103: NaN | BN103: NaN | BO103: NaN | BP103: NaN | BQ103: NaN | BR103: NaN | BS103: NaN | BT103: NaN | BU103: NaN | BV103: NaN | BX103: NaN | BY103: NaN | BZ103: NaN | CA103: NaN | CB103: NaN | CC103: NaN | CD103: NaN | CE103: NaN | CF103: NaN | CG103: NaN | CH103: NaN | CI103: NaN | CJ103: NaN | CK103: NaN | CL103: NaN | CM103: NaN | CN103: NaN | CO103: NaN | CP103: NaN | CQ103: NaN | CR103: NaN | CS103: NaN | CT103: NaN | CU103: NaN | CV103: NaN | CW103: NaN | CX103: NaN | CY103: NaN | CZ103: NaN | DA103: NaN | DB103: NaN | DC103: NaN | DD103: NaN | DE103: NaN | DF103: NaN | DG103: NaN | DH103: NaN
A104: 67 | B104: Mroczkowska, M.; Culliton, D.; Germaine, K.J.; Hegde, M.; Tobin, E.F.; Neves, A.C. | C104: Valorisation of Tomato Waste as a Source of Cutin for Hydrophobic Surface Coatings to Protect Starch- and Gelatine-Blend Bioplastics | D104: 2024 | E104: Biomass (Switzerland) | F104: 10.3390/biomass4030055 | G104: No | H104: NaN | I104: Multilayer, composite or active packaging material | J104: NaN | K104: NaN | L104: NaN | M104: NaN | N104: NaN | O104: NaN | P104: NaN | Q104: NaN | R104: NaN | S104: NaN | T104: NaN | U104: NaN | V104: NaN | W104: NaN | X104: NaN | Y104: NaN | Z104: NaN | AA104: NaN | AB104: NaN | AC104: NaN | AD104: NaN | AE104: NaN | AF104: NaN | AG104: NaN | AH104: NaN | AI104: NaN | AJ104: NaN | AK104: NaN | AL104: NaN | AM104: NaN | AN104: NaN | AO104: NaN | AP104: NaN | AQ104: NaN | AR104: NaN | AS104: NaN | AT104: NaN | AU104: NaN | AV104: NaN | AW104: NaN | AX104: NaN | AY104: NaN | AZ104: NaN | BA104: NaN | BB104: NaN | BC104: NaN | BD104: NaN | BE104: NaN | BF104: NaN | BG104: NaN | BH104: NaN | BI104: NaN | BJ104: NaN | BK104: NaN | BL104: NaN | BM104: NaN | BN104: NaN | BO104: NaN | BP104: NaN | BQ104: NaN | BR104: NaN | BS104: NaN | BT104: NaN | BU104: NaN | BV104: NaN | BX104: NaN | BY104: NaN | BZ104: NaN | CA104: NaN | CB104: NaN | CC104: NaN | CD104: NaN | CE104: NaN | CF104: NaN | CG104: NaN | CH104: NaN | CI104: NaN | CJ104: NaN | CK104: NaN | CL104: NaN | CM104: NaN | CN104: NaN | CO104: NaN | CP104: NaN | CQ104: NaN | CR104: NaN | CS104: NaN | CT104: NaN | CU104: NaN | CV104: NaN | CW104: NaN | CX104: NaN | CY104: NaN | CZ104: NaN | DA104: NaN | DB104: NaN | DC104: NaN | DD104: NaN | DE104: NaN | DF104: NaN | DG104: NaN | DH104: NaN
A105: 68 | B105: Bhowmik, S.; Agyei, D.; Ali, A. | C105: Biodegradable chitosan hydrogel film incorporated with polyvinyl alcohol, chitooligosaccharides, and gallic acid for potential application in food packaging | D105: 2024 | E105: Cellulose | F105: 10.1007/s10570-024-06080-8 | G105: No | H105: NaN | I105: Test conditions (T, RH, thickness) for barrier properties not recorded | J105: NaN | K105: NaN | L105: NaN | M105: NaN | N105: NaN | O105: NaN | P105: NaN | Q105: NaN | R105: NaN | S105: NaN | T105: NaN | U105: NaN | V105: NaN | W105: NaN | X105: NaN | Y105: NaN | Z105: NaN | AA105: NaN | AB105: NaN | AC105: NaN | AD105: NaN | AE105: NaN | AF105: NaN | AG105: NaN | AH105: NaN | AI105: NaN | AJ105: NaN | AK105: NaN | AL105: NaN | AM105: NaN | AN105: NaN | AO105: NaN | AP105: NaN | AQ105: NaN | AR105: NaN | AS105: NaN | AT105: NaN | AU105: NaN | AV105: NaN | AW105: NaN | AX105: NaN | AY105: NaN | AZ105: NaN | BA105: NaN | BB105: NaN | BC105: NaN | BD105: NaN | BE105: NaN | BF105: NaN | BG105: NaN | BH105: NaN | BI105: NaN | BJ105: NaN | BK105: NaN | BL105: NaN | BM105: NaN | BN105: NaN | BO105: NaN | BP105: NaN | BQ105: NaN | BR105: NaN | BS105: NaN | BT105: NaN | BU105: NaN | BV105: NaN | BX105: NaN | BY105: NaN | BZ105: NaN | CA105: NaN | CB105: NaN | CC105: NaN | CD105: NaN | CE105: NaN | CF105: NaN | CG105: NaN | CH105: NaN | CI105: NaN | CJ105: NaN | CK105: NaN | CL105: NaN | CM105: NaN | CN105: NaN | CO105: NaN | CP105: NaN | CQ105: NaN | CR105: NaN | CS105: NaN | CT105: NaN | CU105: NaN | CV105: NaN | CW105: NaN | CX105: NaN | CY105: NaN | CZ105: NaN | DA105: NaN | DB105: NaN | DC105: NaN | DD105: NaN | DE105: NaN | DF105: NaN | DG105: NaN | DH105: NaN
A106: 69 | B106: Hernández-Varela, J.D.; Chanona Pérez, J.J.; Foruzanmehr, R.; Medina, D.I. | C106: Assessing the reinforcement effect by response surface methodology of holocellulose from spent coffee grounds on biopolymeric films as food packaging materials | D106: 2024 | E106: Biopolymers | F106: 10.1002/bip.23585 | G106: No | H106: NaN | I106: Test conditions (T, RH, thickness) for barrier properties not recorded | J106: NaN | K106: NaN | L106: NaN | M106: NaN | N106: NaN | O106: NaN | P106: NaN | Q106: NaN | R106: NaN | S106: NaN | T106: NaN | U106: NaN | V106: NaN | W106: NaN | X106: NaN | Y106: NaN | Z106: NaN | AA106: NaN | AB106: NaN | AC106: NaN | AD106: NaN | AE106: NaN | AF106: NaN | AG106: NaN | AH106: NaN | AI106: NaN | AJ106: NaN | AK106: NaN | AL106: NaN | AM106: NaN | AN106: NaN | AO106: NaN | AP106: NaN | AQ106: NaN | AR106: NaN | AS106: NaN | AT106: NaN | AU106: NaN | AV106: NaN | AW106: NaN | AX106: NaN | AY106: NaN | AZ106: NaN | BA106: NaN | BB106: NaN | BC106: NaN | BD106: NaN | BE106: NaN | BF106: NaN | BG106: NaN | BH106: NaN | BI106: NaN | BJ106: NaN | BK106: NaN | BL106: NaN | BM106: NaN | BN106: NaN | BO106: NaN | BP106: NaN | BQ106: NaN | BR106: NaN | BS106: NaN | BT106: NaN | BU106: NaN | BV106: NaN | BX106: NaN | BY106: NaN | BZ106: NaN | CA106: NaN | CB106: NaN | CC106: NaN | CD106: NaN | CE106: NaN | CF106: NaN | CG106: NaN | CH106: NaN | CI106: NaN | CJ106: NaN | CK106: NaN | CL106: NaN | CM106: NaN | CN106: NaN | CO106: NaN | CP106: NaN | CQ106: NaN | CR106: NaN | CS106: NaN | CT106: NaN | CU106: NaN | CV106: NaN | CW106: NaN | CX106: NaN | CY106: NaN | CZ106: NaN | DA106: NaN | DB106: NaN | DC106: NaN | DD106: NaN | DE106: NaN | DF106: NaN | DG106: NaN | DH106: NaN
A107: 70 | B107: Barmpaki, A.A.; Paul, U.C.; Nardi, M.; Athanassiou, A. | C107: Eco-friendly Blends of Polylactic Acid and Polyhydroxybutyrate Enhanced with Epoxidized Soybean Oil Methyl Ester for Food-Packaging Applications | D107: 2024 | E107: ACS Applied Polymer Materials | F107: 10.1021/acsapm.4c01341 | G107: No | H107: NaN | I107: Test conditions (T, RH, thickness) for barrier properties not recorded | J107: NaN | K107: NaN | L107: NaN | M107: NaN | N107: NaN | O107: NaN | P107: NaN | Q107: NaN | R107: NaN | S107: NaN | T107: NaN | U107: NaN | V107: NaN | W107: NaN | X107: NaN | Y107: NaN | Z107: NaN | AA107: NaN | AB107: NaN | AC107: NaN | AD107: NaN | AE107: NaN | AF107: NaN | AG107: NaN | AH107: NaN | AI107: NaN | AJ107: NaN | AK107: NaN | AL107: NaN | AM107: NaN | AN107: NaN | AO107: NaN | AP107: NaN | AQ107: NaN | AR107: NaN | AS107: NaN | AT107: NaN | AU107: NaN | AV107: NaN | AW107: NaN | AX107: NaN | AY107: NaN | AZ107: NaN | BA107: NaN | BB107: NaN | BC107: NaN | BD107: NaN | BE107: NaN | BF107: NaN | BG107: NaN | BH107: NaN | BI107: NaN | BJ107: NaN | BK107: NaN | BL107: NaN | BM107: NaN | BN107: NaN | BO107: NaN | BP107: NaN | BQ107: NaN | BR107: NaN | BS107: NaN | BT107: NaN | BU107: NaN | BV107: NaN | BX107: NaN | BY107: NaN | BZ107: NaN | CA107: NaN | CB107: NaN | CC107: NaN | CD107: NaN | CE107: NaN | CF107: NaN | CG107: NaN | CH107: NaN | CI107: NaN | CJ107: NaN | CK107: NaN | CL107: NaN | CM107: NaN | CN107: NaN | CO107: NaN | CP107: NaN | CQ107: NaN | CR107: NaN | CS107: NaN | CT107: NaN | CU107: NaN | CV107: NaN | CW107: NaN | CX107: NaN | CY107: NaN | CZ107: NaN | DA107: NaN | DB107: NaN | DC107: NaN | DD107: NaN | DE107: NaN | DF107: NaN | DG107: NaN | DH107: NaN
A108: 74 | B108: Ghosh, R.; Zhao, X.; Vodovotz, Y. | C108: Addition of Coffee Waste-Derived Plasticizer Improves Processability and Barrier Properties of Poly(3-hydroxybutyrate-co-3-hydroxyvalerate)-NaNtural Rubber Bioplastic | D108: 2024 | E108: Polymers | F108: 10.3390/polym16152164 | G108: No | H108: NaN | I108: Multilayer, composite or active packaging material | J108: NaN | K108: NaN | L108: NaN | M108: NaN | N108: NaN | O108: NaN | P108: NaN | Q108: NaN | R108: NaN | S108: NaN | T108: NaN | U108: NaN | V108: NaN | W108: NaN | X108: NaN | Y108: NaN | Z108: NaN | AA108: NaN | AB108: NaN | AC108: NaN | AD108: NaN | AE108: NaN | AF108: NaN | AG108: NaN | AH108: NaN | AI108: NaN | AJ108: NaN | AK108: NaN | AL108: NaN | AM108: NaN | AN108: NaN | AO108: NaN | AP108: NaN | AQ108: NaN | AR108: NaN | AS108: NaN | AT108: NaN | AU108: NaN | AV108: NaN | AW108: NaN | AX108: NaN | AY108: NaN | AZ108: NaN | BA108: NaN | BB108: NaN | BC108: NaN | BD108: NaN | BE108: NaN | BF108: NaN | BG108: NaN | BH108: NaN | BI108: NaN | BJ108: NaN | BK108: NaN | BL108: NaN | BM108: NaN | BN108: NaN | BO108: NaN | BP108: NaN | BQ108: NaN | BR108: NaN | BS108: NaN | BT108: NaN | BU108: NaN | BV108: NaN | BX108: NaN | BY108: NaN | BZ108: NaN | CA108: NaN | CB108: NaN | CC108: NaN | CD108: NaN | CE108: NaN | CF108: NaN | CG108: NaN | CH108: NaN | CI108: NaN | CJ108: NaN | CK108: NaN | CL108: NaN | CM108: NaN | CN108: NaN | CO108: NaN | CP108: NaN | CQ108: NaN | CR108: NaN | CS108: NaN | CT108: NaN | CU108: NaN | CV108: NaN | CW108: NaN | CX108: NaN | CY108: NaN | CZ108: NaN | DA108: NaN | DB108: NaN | DC108: NaN | DD108: NaN | DE108: NaN | DF108: NaN | DG108: NaN | DH108: NaN
A109: 75 | B109: Wahlström, N.; Hedenqvist, M.; Vilaplana, F. | C109: Citric acid tailors the mechanical and barrier properties of arabinoxylan-gluten crosslinked glycoprotein films | D109: 2024 | E109: Food Hydrocolloids | F109: 10.1016/j.foodhyd.2024.110012 | G109: No | H109: NaN | I109: Test conditions (T, RH, thickness) for barrier properties not recorded | J109: NaN | K109: NaN | L109: NaN | M109: NaN | N109: NaN | O109: NaN | P109: NaN | Q109: NaN | R109: NaN | S109: NaN | T109: NaN | U109: NaN | V109: NaN | W109: NaN | X109: NaN | Y109: NaN | Z109: NaN | AA109: NaN | AB109: NaN | AC109: NaN | AD109: NaN | AE109: NaN | AF109: NaN | AG109: NaN | AH109: NaN | AI109: NaN | AJ109: NaN | AK109: NaN | AL109: NaN | AM109: NaN | AN109: NaN | AO109: NaN | AP109: NaN | AQ109: NaN | AR109: NaN | AS109: NaN | AT109: NaN | AU109: NaN | AV109: NaN | AW109: NaN | AX109: NaN | AY109: NaN | AZ109: NaN | BA109: NaN | BB109: NaN | BC109: NaN | BD109: NaN | BE109: NaN | BF109: NaN | BG109: NaN | BH109: NaN | BI109: NaN | BJ109: NaN | BK109: NaN | BL109: NaN | BM109: NaN | BN109: NaN | BO109: NaN | BP109: NaN | BQ109: NaN | BR109: NaN | BS109: NaN | BT109: NaN | BU109: NaN | BV109: NaN | BX109: NaN | BY109: NaN | BZ109: NaN | CA109: NaN | CB109: NaN | CC109: NaN | CD109: NaN | CE109: NaN | CF109: NaN | CG109: NaN | CH109: NaN | CI109: NaN | CJ109: NaN | CK109: NaN | CL109: NaN | CM109: NaN | CN109: NaN | CO109: NaN | CP109: NaN | CQ109: NaN | CR109: NaN | CS109: NaN | CT109: NaN | CU109: NaN | CV109: NaN | CW109: NaN | CX109: NaN | CY109: NaN | CZ109: NaN | DA109: NaN | DB109: NaN | DC109: NaN | DD109: NaN | DE109: NaN | DF109: NaN | DG109: NaN | DH109: NaN
A110: 76 | B110: Alves, L.T.D.O.; Fronza, P.; Gonçalves, I.; da Silva, W.A.; Oliveira, L.S.; Franca, A.S. | C110: Development of Polymeric Films Based on Sunflower Seed Proteins and Locust Bean Gum | D110: 2024 | E110: Polymers | F110: 10.3390/polym16131905 | G110: No | H110: NaN | I110: Multilayer, composite or active packaging material | J110: NaN | K110: NaN | L110: NaN | M110: NaN | N110: NaN | O110: NaN | P110: NaN | Q110: NaN | R110: NaN | S110: NaN | T110: NaN | U110: NaN | V110: NaN | W110: NaN | X110: NaN | Y110: NaN | Z110: NaN | AA110: NaN | AB110: NaN | AC110: NaN | AD110: NaN | AE110: NaN | AF110: NaN | AG110: NaN | AH110: NaN | AI110: NaN | AJ110: NaN | AK110: NaN | AL110: NaN | AM110: NaN | AN110: NaN | AO110: NaN | AP110: NaN | AQ110: NaN | AR110: NaN | AS110: NaN | AT110: NaN | AU110: NaN | AV110: NaN | AW110: NaN | AX110: NaN | AY110: NaN | AZ110: NaN | BA110: NaN | BB110: NaN | BC110: NaN | BD110: NaN | BE110: NaN | BF110: NaN | BG110: NaN | BH110: NaN | BI110: NaN | BJ110: NaN | BK110: NaN | BL110: NaN | BM110: NaN | BN110: NaN | BO110: NaN | BP110: NaN | BQ110: NaN | BR110: NaN | BS110: NaN | BT110: NaN | BU110: NaN | BV110: NaN | BX110: NaN | BY110: NaN | BZ110: NaN | CA110: NaN | CB110: NaN | CC110: NaN | CD110: NaN | CE110: NaN | CF110: NaN | CG110: NaN | CH110: NaN | CI110: NaN | CJ110: NaN | CK110: NaN | CL110: NaN | CM110: NaN | CN110: NaN | CO110: NaN | CP110: NaN | CQ110: NaN | CR110: NaN | CS110: NaN | CT110: NaN | CU110: NaN | CV110: NaN | CW110: NaN | CX110: NaN | CY110: NaN | CZ110: NaN | DA110: NaN | DB110: NaN | DC110: NaN | DD110: NaN | DE110: NaN | DF110: NaN | DG110: NaN | DH110: NaN
A111: 77 | B111: Benítez, J.J.; Florido-Moreno, P.; Porras-Vázquez, J.M.; Tedeschi, G.; Athanassiou, A.; Heredia-Guerrero, J.A.; Guzman-Puyol, S. | C111: Transparent, plasticized cellulose-glycerol bioplastics for food packaging applications | D111: 2024 | E111: International journal of Biological Macromolecules | F111: 10.1016/j.ijbiomac.2024.132956 | G111: No | H111: 0.71 | I111: QS < 0.8 | J111: NaN | K111: NaN | L111: NaN | M111: NaN | N111: NaN | O111: NaN | P111: NaN | Q111: NaN | R111: NaN | S111: NaN | T111: NaN | U111: NaN | V111: NaN | W111: NaN | X111: NaN | Y111: NaN | Z111: NaN | AA111: NaN | AB111: NaN | AC111: NaN | AD111: NaN | AE111: NaN | AF111: NaN | AG111: NaN | AH111: NaN | AI111: NaN | AJ111: NaN | AK111: NaN | AL111: NaN | AM111: NaN | AN111: NaN | AO111: NaN | AP111: NaN | AQ111: NaN | AR111: NaN | AS111: NaN | AT111: NaN | AU111: NaN | AV111: NaN | AW111: NaN | AX111: NaN | AY111: NaN | AZ111: NaN | BA111: NaN | BB111: NaN | BC111: NaN | BD111: NaN | BE111: NaN | BF111: NaN | BG111: NaN | BH111: NaN | BI111: NaN | BJ111: NaN | BK111: NaN | BL111: NaN | BM111: NaN | BN111: NaN | BO111: NaN | BP111: NaN | BQ111: NaN | BR111: NaN | BS111: NaN | BT111: NaN | BU111: NaN | BV111: NaN | BX111: NaN | BY111: NaN | BZ111: NaN | CA111: NaN | CB111: NaN | CC111: NaN | CD111: NaN | CE111: NaN | CF111: NaN | CG111: NaN | CH111: NaN | CI111: NaN | CJ111: NaN | CK111: NaN | CL111: NaN | CM111: NaN | CN111: NaN | CO111: NaN | CP111: NaN | CQ111: NaN | CR111: NaN | CS111: NaN | CT111: NaN | CU111: NaN | CV111: NaN | CW111: NaN | CX111: NaN | CY111: NaN | CZ111: NaN | DA111: NaN | DB111: NaN | DC111: NaN | DD111: NaN | DE111: NaN | DF111: NaN | DG111: NaN | DH111: NaN
A112: 77 | B112: Benítez, J.J.; Florido-Moreno, P.; Porras-Vázquez, J.M.; Tedeschi, G.; Athanassiou, A.; Heredia-Guerrero, J.A.; Guzman-Puyol, S. | C112: Transparent, plasticized cellulose-glycerol bioplastics for food packaging applications | D112: 2024 | E112: International journal of Biological Macromolecules | F112: 10.1016/j.ijbiomac.2024.132956 | G112: No | H112: 0.71 | I112: QS < 0.8 | J112: NaN | K112: NaN | L112: NaN | M112: NaN | N112: NaN | O112: NaN | P112: NaN | Q112: NaN | R112: NaN | S112: NaN | T112: NaN | U112: NaN | V112: NaN | W112: NaN | X112: NaN | Y112: NaN | Z112: NaN | AA112: NaN | AB112: NaN | AC112: NaN | AD112: NaN | AE112: NaN | AF112: NaN | AG112: NaN | AH112: NaN | AI112: NaN | AJ112: NaN | AK112: NaN | AL112: NaN | AM112: NaN | AN112: NaN | AO112: NaN | AP112: NaN | AQ112: NaN | AR112: NaN | AS112: NaN | AT112: NaN | AU112: NaN | AV112: NaN | AW112: NaN | AX112: NaN | AY112: NaN | AZ112: NaN | BA112: NaN | BB112: NaN | BC112: NaN | BD112: NaN | BE112: NaN | BF112: NaN | BG112: NaN | BH112: NaN | BI112: NaN | BJ112: NaN | BK112: NaN | BL112: NaN | BM112: NaN | BN112: NaN | BO112: NaN | BP112: NaN | BQ112: NaN | BR112: NaN | BS112: NaN | BT112: NaN | BU112: NaN | BV112: NaN | BX112: NaN | BY112: NaN | BZ112: NaN | CA112: NaN | CB112: NaN | CC112: NaN | CD112: NaN | CE112: NaN | CF112: NaN | CG112: NaN | CH112: NaN | CI112: NaN | CJ112: NaN | CK112: NaN | CL112: NaN | CM112: NaN | CN112: NaN | CO112: NaN | CP112: NaN | CQ112: NaN | CR112: NaN | CS112: NaN | CT112: NaN | CU112: NaN | CV112: NaN | CW112: NaN | CX112: NaN | CY112: NaN | CZ112: NaN | DA112: NaN | DB112: NaN | DC112: NaN | DD112: NaN | DE112: NaN | DF112: NaN | DG112: NaN | DH112: NaN
A113: 77 | B113: Benítez, J.J.; Florido-Moreno, P.; Porras-Vázquez, J.M.; Tedeschi, G.; Athanassiou, A.; Heredia-Guerrero, J.A.; Guzman-Puyol, S. | C113: Transparent, plasticized cellulose-glycerol bioplastics for food packaging applications | D113: 2024 | E113: International journal of Biological Macromolecules | F113: 10.1016/j.ijbiomac.2024.132956 | G113: No | H113: 0.71 | I113: QS < 0.8 | J113: NaN | K113: NaN | L113: NaN | M113: NaN | N113: NaN | O113: NaN | P113: NaN | Q113: NaN | R113: NaN | S113: NaN | T113: NaN | U113: NaN | V113: NaN | W113: NaN | X113: NaN | Y113: NaN | Z113: NaN | AA113: NaN | AB113: NaN | AC113: NaN | AD113: NaN | AE113: NaN | AF113: NaN | AG113: NaN | AH113: NaN | AI113: NaN | AJ113: NaN | AK113: NaN | AL113: NaN | AM113: NaN | AN113: NaN | AO113: NaN | AP113: NaN | AQ113: NaN | AR113: NaN | AS113: NaN | AT113: NaN | AU113: NaN | AV113: NaN | AW113: NaN | AX113: NaN | AY113: NaN | AZ113: NaN | BA113: NaN | BB113: NaN | BC113: NaN | BD113: NaN | BE113: NaN | BF113: NaN | BG113: NaN | BH113: NaN | BI113: NaN | BJ113: NaN | BK113: NaN | BL113: NaN | BM113: NaN | BN113: NaN | BO113: NaN | BP113: NaN | BQ113: NaN | BR113: NaN | BS113: NaN | BT113: NaN | BU113: NaN | BV113: NaN | BX113: NaN | BY113: NaN | BZ113: NaN | CA113: NaN | CB113: NaN | CC113: NaN | CD113: NaN | CE113: NaN | CF113: NaN | CG113: NaN | CH113: NaN | CI113: NaN | CJ113: NaN | CK113: NaN | CL113: NaN | CM113: NaN | CN113: NaN | CO113: NaN | CP113: NaN | CQ113: NaN | CR113: NaN | CS113: NaN | CT113: NaN | CU113: NaN | CV113: NaN | CW113: NaN | CX113: NaN | CY113: NaN | CZ113: NaN | DA113: NaN | DB113: NaN | DC113: NaN | DD113: NaN | DE113: NaN | DF113: NaN | DG113: NaN | DH113: NaN
A114: 77 | B114: Benítez, J.J.; Florido-Moreno, P.; Porras-Vázquez, J.M.; Tedeschi, G.; Athanassiou, A.; Heredia-Guerrero, J.A.; Guzman-Puyol, S. | C114: Transparent, plasticized cellulose-glycerol bioplastics for food packaging applications | D114: 2024 | E114: International journal of Biological Macromolecules | F114: 10.1016/j.ijbiomac.2024.132956 | G114: No | H114: 0.71 | I114: QS < 0.8 | J114: NaN | K114: NaN | L114: NaN | M114: NaN | N114: NaN | O114: NaN | P114: NaN | Q114: NaN | R114: NaN | S114: NaN | T114: NaN | U114: NaN | V114: NaN | W114: NaN | X114: NaN | Y114: NaN | Z114: NaN | AA114: NaN | AB114: NaN | AC114: NaN | AD114: NaN | AE114: NaN | AF114: NaN | AG114: NaN | AH114: NaN | AI114: NaN | AJ114: NaN | AK114: NaN | AL114: NaN | AM114: NaN | AN114: NaN | AO114: NaN | AP114: NaN | AQ114: NaN | AR114: NaN | AS114: NaN | AT114: NaN | AU114: NaN | AV114: NaN | AW114: NaN | AX114: NaN | AY114: NaN | AZ114: NaN | BA114: NaN | BB114: NaN | BC114: NaN | BD114: NaN | BE114: NaN | BF114: NaN | BG114: NaN | BH114: NaN | BI114: NaN | BJ114: NaN | BK114: NaN | BL114: NaN | BM114: NaN | BN114: NaN | BO114: NaN | BP114: NaN | BQ114: NaN | BR114: NaN | BS114: NaN | BT114: NaN | BU114: NaN | BV114: NaN | BX114: NaN | BY114: NaN | BZ114: NaN | CA114: NaN | CB114: NaN | CC114: NaN | CD114: NaN | CE114: NaN | CF114: NaN | CG114: NaN | CH114: NaN | CI114: NaN | CJ114: NaN | CK114: NaN | CL114: NaN | CM114: NaN | CN114: NaN | CO114: NaN | CP114: NaN | CQ114: NaN | CR114: NaN | CS114: NaN | CT114: NaN | CU114: NaN | CV114: NaN | CW114: NaN | CX114: NaN | CY114: NaN | CZ114: NaN | DA114: NaN | DB114: NaN | DC114: NaN | DD114: NaN | DE114: NaN | DF114: NaN | DG114: NaN | DH114: NaN
A115: 77 | B115: Benítez, J.J.; Florido-Moreno, P.; Porras-Vázquez, J.M.; Tedeschi, G.; Athanassiou, A.; Heredia-Guerrero, J.A.; Guzman-Puyol, S. | C115: Transparent, plasticized cellulose-glycerol bioplastics for food packaging applications | D115: 2024 | E115: International journal of Biological Macromolecules | F115: 10.1016/j.ijbiomac.2024.132956 | G115: No | H115: 0.71 | I115: QS < 0.8 | J115: NaN | K115: NaN | L115: NaN | M115: NaN | N115: NaN | O115: NaN | P115: NaN | Q115: NaN | R115: NaN | S115: NaN | T115: NaN | U115: NaN | V115: NaN | W115: NaN | X115: NaN | Y115: NaN | Z115: NaN | AA115: NaN | AB115: NaN | AC115: NaN | AD115: NaN | AE115: NaN | AF115: NaN | AG115: NaN | AH115: NaN | AI115: NaN | AJ115: NaN | AK115: NaN | AL115: NaN | AM115: NaN | AN115: NaN | AO115: NaN | AP115: NaN | AQ115: NaN | AR115: NaN | AS115: NaN | AT115: NaN | AU115: NaN | AV115: NaN | AW115: NaN | AX115: NaN | AY115: NaN | AZ115: NaN | BA115: NaN | BB115: NaN | BC115: NaN | BD115: NaN | BE115: NaN | BF115: NaN | BG115: NaN | BH115: NaN | BI115: NaN | BJ115: NaN | BK115: NaN | BL115: NaN | BM115: NaN | BN115: NaN | BO115: NaN | BP115: NaN | BQ115: NaN | BR115: NaN | BS115: NaN | BT115: NaN | BU115: NaN | BV115: NaN | BX115: NaN | BY115: NaN | BZ115: NaN | CA115: NaN | CB115: NaN | CC115: NaN | CD115: NaN | CE115: NaN | CF115: NaN | CG115: NaN | CH115: NaN | CI115: NaN | CJ115: NaN | CK115: NaN | CL115: NaN | CM115: NaN | CN115: NaN | CO115: NaN | CP115: NaN | CQ115: NaN | CR115: NaN | CS115: NaN | CT115: NaN | CU115: NaN | CV115: NaN | CW115: NaN | CX115: NaN | CY115: NaN | CZ115: NaN | DA115: NaN | DB115: NaN | DC115: NaN | DD115: NaN | DE115: NaN | DF115: NaN | DG115: NaN | DH115: NaN
A116: 77 | B116: Benítez, J.J.; Florido-Moreno, P.; Porras-Vázquez, J.M.; Tedeschi, G.; Athanassiou, A.; Heredia-Guerrero, J.A.; Guzman-Puyol, S. | C116: Transparent, plasticized cellulose-glycerol bioplastics for food packaging applications | D116: 2024 | E116: International journal of Biological Macromolecules | F116: 10.1016/j.ijbiomac.2024.132956 | G116: No | H116: 0.71 | I116: QS < 0.8 | J116: NaN | K116: NaN | L116: NaN | M116: NaN | N116: NaN | O116: NaN | P116: NaN | Q116: NaN | R116: NaN | S116: NaN | T116: NaN | U116: NaN | V116: NaN | W116: NaN | X116: NaN | Y116: NaN | Z116: NaN | AA116: NaN | AB116: NaN | AC116: NaN | AD116: NaN | AE116: NaN | AF116: NaN | AG116: NaN | AH116: NaN | AI116: NaN | AJ116: NaN | AK116: NaN | AL116: NaN | AM116: NaN | AN116: NaN | AO116: NaN | AP116: NaN | AQ116: NaN | AR116: NaN | AS116: NaN | AT116: NaN | AU116: NaN | AV116: NaN | AW116: NaN | AX116: NaN | AY116: NaN | AZ116: NaN | BA116: NaN | BB116: NaN | BC116: NaN | BD116: NaN | BE116: NaN | BF116: NaN | BG116: NaN | BH116: NaN | BI116: NaN | BJ116: NaN | BK116: NaN | BL116: NaN | BM116: NaN | BN116: NaN | BO116: NaN | BP116: NaN | BQ116: NaN | BR116: NaN | BS116: NaN | BT116: NaN | BU116: NaN | BV116: NaN | BX116: NaN | BY116: NaN | BZ116: NaN | CA116: NaN | CB116: NaN | CC116: NaN | CD116: NaN | CE116: NaN | CF116: NaN | CG116: NaN | CH116: NaN | CI116: NaN | CJ116: NaN | CK116: NaN | CL116: NaN | CM116: NaN | CN116: NaN | CO116: NaN | CP116: NaN | CQ116: NaN | CR116: NaN | CS116: NaN | CT116: NaN | CU116: NaN | CV116: NaN | CW116: NaN | CX116: NaN | CY116: NaN | CZ116: NaN | DA116: NaN | DB116: NaN | DC116: NaN | DD116: NaN | DE116: NaN | DF116: NaN | DG116: NaN | DH116: NaN
A117: 78 | B117: Merino, D.; Paul, U.C.; Athanassiou, A. | C117: Blending of polysaccharide-based carrot pomace with vegetable proteins for biocomposites with optimized performance for food packaging applications | D117: 2024 | E117: Food Hydrocolloids | F117: 10.1016/j.foodhyd.2024.109903 | G117: No | H117: NaN | I117: Test conditions (T, RH, thickness) for barrier properties not recorded | J117: NaN | K117: NaN | L117: NaN | M117: NaN | N117: NaN | O117: NaN | P117: NaN | Q117: NaN | R117: NaN | S117: NaN | T117: NaN | U117: NaN | V117: NaN | W117: NaN | X117: NaN | Y117: NaN | Z117: NaN | AA117: NaN | AB117: NaN | AC117: NaN | AD117: NaN | AE117: NaN | AF117: NaN | AG117: NaN | AH117: NaN | AI117: NaN | AJ117: NaN | AK117: NaN | AL117: NaN | AM117: NaN | AN117: NaN | AO117: NaN | AP117: NaN | AQ117: NaN | AR117: NaN | AS117: NaN | AT117: NaN | AU117: NaN | AV117: NaN | AW117: NaN | AX117: NaN | AY117: NaN | AZ117: NaN | BA117: NaN | BB117: NaN | BC117: NaN | BD117: NaN | BE117: NaN | BF117: NaN | BG117: NaN | BH117: NaN | BI117: NaN | BJ117: NaN | BK117: NaN | BL117: NaN | BM117: NaN | BN117: NaN | BO117: NaN | BP117: NaN | BQ117: NaN | BR117: NaN | BS117: NaN | BT117: NaN | BU117: NaN | BV117: NaN | BX117: NaN | BY117: NaN | BZ117: NaN | CA117: NaN | CB117: NaN | CC117: NaN | CD117: NaN | CE117: NaN | CF117: NaN | CG117: NaN | CH117: NaN | CI117: NaN | CJ117: NaN | CK117: NaN | CL117: NaN | CM117: NaN | CN117: NaN | CO117: NaN | CP117: NaN | CQ117: NaN | CR117: NaN | CS117: NaN | CT117: NaN | CU117: NaN | CV117: NaN | CW117: NaN | CX117: NaN | CY117: NaN | CZ117: NaN | DA117: NaN | DB117: NaN | DC117: NaN | DD117: NaN | DE117: NaN | DF117: NaN | DG117: NaN | DH117: NaN
A118: 79 | B118: Aragón-Gutierrez, A.; Muñoz-Gimena, P.F.; Gallur, M.; Gavara, R.; López, D.; Hernańdez-Muñoz, P. | C118: Melt-Extruded Home Compostable Films Based On Blends Of Thermoplastic Gliadins And Poly(ε-Caprolactone) Intended For Food Packaging Applications | D118: 2024 | E118: journal of Polymers and the Environment | F118: 10.1007/s10924-023-03163-8 | G118: No | H118: 0.71 | I118: QS < 0.8 | J118: NaN | K118: NaN | L118: NaN | M118: NaN | N118: NaN | O118: NaN | P118: NaN | Q118: NaN | R118: NaN | S118: NaN | T118: NaN | U118: NaN | V118: NaN | W118: NaN | X118: NaN | Y118: NaN | Z118: NaN | AA118: NaN | AB118: NaN | AC118: NaN | AD118: NaN | AE118: NaN | AF118: NaN | AG118: NaN | AH118: NaN | AI118: NaN | AJ118: NaN | AK118: NaN | AL118: NaN | AM118: NaN | AN118: NaN | AO118: NaN | AP118: NaN | AQ118: NaN | AR118: NaN | AS118: NaN | AT118: NaN | AU118: NaN | AV118: NaN | AW118: NaN | AX118: NaN | AY118: NaN | AZ118: NaN | BA118: NaN | BB118: NaN | BC118: NaN | BD118: NaN | BE118: NaN | BF118: NaN | BG118: NaN | BH118: NaN | BI118: NaN | BJ118: NaN | BK118: NaN | BL118: NaN | BM118: NaN | BN118: NaN | BO118: NaN | BP118: NaN | BQ118: NaN | BR118: NaN | BS118: NaN | BT118: NaN | BU118: NaN | BV118: NaN | BX118: NaN | BY118: NaN | BZ118: NaN | CA118: NaN | CB118: NaN | CC118: NaN | CD118: NaN | CE118: NaN | CF118: NaN | CG118: NaN | CH118: NaN | CI118: NaN | CJ118: NaN | CK118: NaN | CL118: NaN | CM118: NaN | CN118: NaN | CO118: NaN | CP118: NaN | CQ118: NaN | CR118: NaN | CS118: NaN | CT118: NaN | CU118: NaN | CV118: NaN | CW118: NaN | CX118: NaN | CY118: NaN | CZ118: NaN | DA118: NaN | DB118: NaN | DC118: NaN | DD118: NaN | DE118: NaN | DF118: NaN | DG118: NaN | DH118: NaN
A119: 79 | B119: Aragón-Gutierrez, A.; Muñoz-Gimena, P.F.; Gallur, M.; Gavara, R.; López, D.; Hernańdez-Muñoz, P. | C119: Melt-Extruded Home Compostable Films Based On Blends Of Thermoplastic Gliadins And Poly(ε-Caprolactone) Intended For Food Packaging Applications | D119: 2024 | E119: journal of Polymers and the Environment | F119: 10.1007/s10924-023-03163-8 | G119: No | H119: 0.71 | I119: QS < 0.8 | J119: NaN | K119: NaN | L119: NaN | M119: NaN | N119: NaN | O119: NaN | P119: NaN | Q119: NaN | R119: NaN | S119: NaN | T119: NaN | U119: NaN | V119: NaN | W119: NaN | X119: NaN | Y119: NaN | Z119: NaN | AA119: NaN | AB119: NaN | AC119: NaN | AD119: NaN | AE119: NaN | AF119: NaN | AG119: NaN | AH119: NaN | AI119: NaN | AJ119: NaN | AK119: NaN | AL119: NaN | AM119: NaN | AN119: NaN | AO119: NaN | AP119: NaN | AQ119: NaN | AR119: NaN | AS119: NaN | AT119: NaN | AU119: NaN | AV119: NaN | AW119: NaN | AX119: NaN | AY119: NaN | AZ119: NaN | BA119: NaN | BB119: NaN | BC119: NaN | BD119: NaN | BE119: NaN | BF119: NaN | BG119: NaN | BH119: NaN | BI119: NaN | BJ119: NaN | BK119: NaN | BL119: NaN | BM119: NaN | BN119: NaN | BO119: NaN | BP119: NaN | BQ119: NaN | BR119: NaN | BS119: NaN | BT119: NaN | BU119: NaN | BV119: NaN | BX119: NaN | BY119: NaN | BZ119: NaN | CA119: NaN | CB119: NaN | CC119: NaN | CD119: NaN | CE119: NaN | CF119: NaN | CG119: NaN | CH119: NaN | CI119: NaN | CJ119: NaN | CK119: NaN | CL119: NaN | CM119: NaN | CN119: NaN | CO119: NaN | CP119: NaN | CQ119: NaN | CR119: NaN | CS119: NaN | CT119: NaN | CU119: NaN | CV119: NaN | CW119: NaN | CX119: NaN | CY119: NaN | CZ119: NaN | DA119: NaN | DB119: NaN | DC119: NaN | DD119: NaN | DE119: NaN | DF119: NaN | DG119: NaN | DH119: NaN
A120: 79 | B120: Aragón-Gutierrez, A.; Muñoz-Gimena, P.F.; Gallur, M.; Gavara, R.; López, D.; Hernańdez-Muñoz, P. | C120: Melt-Extruded Home Compostable Films Based On Blends Of Thermoplastic Gliadins And Poly(ε-Caprolactone) Intended For Food Packaging Applications | D120: 2024 | E120: journal of Polymers and the Environment | F120: 10.1007/s10924-023-03163-8 | G120: No | H120: 0.71 | I120: QS < 0.8 | J120: NaN | K120: NaN | L120: NaN | M120: NaN | N120: NaN | O120: NaN | P120: NaN | Q120: NaN | R120: NaN | S120: NaN | T120: NaN | U120: NaN | V120: NaN | W120: NaN | X120: NaN | Y120: NaN | Z120: NaN | AA120: NaN | AB120: NaN | AC120: NaN | AD120: NaN | AE120: NaN | AF120: NaN | AG120: NaN | AH120: NaN | AI120: NaN | AJ120: NaN | AK120: NaN | AL120: NaN | AM120: NaN | AN120: NaN | AO120: NaN | AP120: NaN | AQ120: NaN | AR120: NaN | AS120: NaN | AT120: NaN | AU120: NaN | AV120: NaN | AW120: NaN | AX120: NaN | AY120: NaN | AZ120: NaN | BA120: NaN | BB120: NaN | BC120: NaN | BD120: NaN | BE120: NaN | BF120: NaN | BG120: NaN | BH120: NaN | BI120: NaN | BJ120: NaN | BK120: NaN | BL120: NaN | BM120: NaN | BN120: NaN | BO120: NaN | BP120: NaN | BQ120: NaN | BR120: NaN | BS120: NaN | BT120: NaN | BU120: NaN | BV120: NaN | BX120: NaN | BY120: NaN | BZ120: NaN | CA120: NaN | CB120: NaN | CC120: NaN | CD120: NaN | CE120: NaN | CF120: NaN | CG120: NaN | CH120: NaN | CI120: NaN | CJ120: NaN | CK120: NaN | CL120: NaN | CM120: NaN | CN120: NaN | CO120: NaN | CP120: NaN | CQ120: NaN | CR120: NaN | CS120: NaN | CT120: NaN | CU120: NaN | CV120: NaN | CW120: NaN | CX120: NaN | CY120: NaN | CZ120: NaN | DA120: NaN | DB120: NaN | DC120: NaN | DD120: NaN | DE120: NaN | DF120: NaN | DG120: NaN | DH120: NaN
A121: 79 | B121: Aragón-Gutierrez, A.; Muñoz-Gimena, P.F.; Gallur, M.; Gavara, R.; López, D.; Hernańdez-Muñoz, P. | C121: Melt-Extruded Home Compostable Films Based On Blends Of Thermoplastic Gliadins And Poly(ε-Caprolactone) Intended For Food Packaging Applications | D121: 2024 | E121: journal of Polymers and the Environment | F121: 10.1007/s10924-023-03163-8 | G121: No | H121: 0.71 | I121: QS < 0.8 | J121: NaN | K121: NaN | L121: NaN | M121: NaN | N121: NaN | O121: NaN | P121: NaN | Q121: NaN | R121: NaN | S121: NaN | T121: NaN | U121: NaN | V121: NaN | W121: NaN | X121: NaN | Y121: NaN | Z121: NaN | AA121: NaN | AB121: NaN | AC121: NaN | AD121: NaN | AE121: NaN | AF121: NaN | AG121: NaN | AH121: NaN | AI121: NaN | AJ121: NaN | AK121: NaN | AL121: NaN | AM121: NaN | AN121: NaN | AO121: NaN | AP121: NaN | AQ121: NaN | AR121: NaN | AS121: NaN | AT121: NaN | AU121: NaN | AV121: NaN | AW121: NaN | AX121: NaN | AY121: NaN | AZ121: NaN | BA121: NaN | BB121: NaN | BC121: NaN | BD121: NaN | BE121: NaN | BF121: NaN | BG121: NaN | BH121: NaN | BI121: NaN | BJ121: NaN | BK121: NaN | BL121: NaN | BM121: NaN | BN121: NaN | BO121: NaN | BP121: NaN | BQ121: NaN | BR121: NaN | BS121: NaN | BT121: NaN | BU121: NaN | BV121: NaN | BX121: NaN | BY121: NaN | BZ121: NaN | CA121: NaN | CB121: NaN | CC121: NaN | CD121: NaN | CE121: NaN | CF121: NaN | CG121: NaN | CH121: NaN | CI121: NaN | CJ121: NaN | CK121: NaN | CL121: NaN | CM121: NaN | CN121: NaN | CO121: NaN | CP121: NaN | CQ121: NaN | CR121: NaN | CS121: NaN | CT121: NaN | CU121: NaN | CV121: NaN | CW121: NaN | CX121: NaN | CY121: NaN | CZ121: NaN | DA121: NaN | DB121: NaN | DC121: NaN | DD121: NaN | DE121: NaN | DF121: NaN | DG121: NaN | DH121: NaN
A122: 79 | B122: Aragón-Gutierrez, A.; Muñoz-Gimena, P.F.; Gallur, M.; Gavara, R.; López, D.; Hernańdez-Muñoz, P. | C122: Melt-Extruded Home Compostable Films Based On Blends Of Thermoplastic Gliadins And Poly(ε-Caprolactone) Intended For Food Packaging Applications | D122: 2024 | E122: journal of Polymers and the Environment | F122: 10.1007/s10924-023-03163-8 | G122: No | H122: NaN | I122: Multilayer, composite or active packaging material | J122: NaN | K122: NaN | L122: NaN | M122: NaN | N122: NaN | O122: NaN | P122: NaN | Q122: NaN | R122: NaN | S122: NaN | T122: NaN | U122: NaN | V122: NaN | W122: NaN | X122: NaN | Y122: NaN | Z122: NaN | AA122: NaN | AB122: NaN | AC122: NaN | AD122: NaN | AE122: NaN | AF122: NaN | AG122: NaN | AH122: NaN | AI122: NaN | AJ122: NaN | AK122: NaN | AL122: NaN | AM122: NaN | AN122: NaN | AO122: NaN | AP122: NaN | AQ122: NaN | AR122: NaN | AS122: NaN | AT122: NaN | AU122: NaN | AV122: NaN | AW122: NaN | AX122: NaN | AY122: NaN | AZ122: NaN | BA122: NaN | BB122: NaN | BC122: NaN | BD122: NaN | BE122: NaN | BF122: NaN | BG122: NaN | BH122: NaN | BI122: NaN | BJ122: NaN | BK122: NaN | BL122: NaN | BM122: NaN | BN122: NaN | BO122: NaN | BP122: NaN | BQ122: NaN | BR122: NaN | BS122: NaN | BT122: NaN | BU122: NaN | BV122: NaN | BX122: NaN | BY122: NaN | BZ122: NaN | CA122: NaN | CB122: NaN | CC122: NaN | CD122: NaN | CE122: NaN | CF122: NaN | CG122: NaN | CH122: NaN | CI122: NaN | CJ122: NaN | CK122: NaN | CL122: NaN | CM122: NaN | CN122: NaN | CO122: NaN | CP122: NaN | CQ122: NaN | CR122: NaN | CS122: NaN | CT122: NaN | CU122: NaN | CV122: NaN | CW122: NaN | CX122: NaN | CY122: NaN | CZ122: NaN | DA122: NaN | DB122: NaN | DC122: NaN | DD122: NaN | DE122: NaN | DF122: NaN | DG122: NaN | DH122: NaN
A123: 79 | B123: Aragón-Gutierrez, A.; Muñoz-Gimena, P.F.; Gallur, M.; Gavara, R.; López, D.; Hernańdez-Muñoz, P. | C123: Melt-Extruded Home Compostable Films Based On Blends Of Thermoplastic Gliadins And Poly(ε-Caprolactone) Intended For Food Packaging Applications | D123: 2024 | E123: journal of Polymers and the Environment | F123: 10.1007/s10924-023-03163-8 | G123: No | H123: NaN | I123: Multilayer, composite or active packaging material | J123: NaN | K123: NaN | L123: NaN | M123: NaN | N123: NaN | O123: NaN | P123: NaN | Q123: NaN | R123: NaN | S123: NaN | T123: NaN | U123: NaN | V123: NaN | W123: NaN | X123: NaN | Y123: NaN | Z123: NaN | AA123: NaN | AB123: NaN | AC123: NaN | AD123: NaN | AE123: NaN | AF123: NaN | AG123: NaN | AH123: NaN | AI123: NaN | AJ123: NaN | AK123: NaN | AL123: NaN | AM123: NaN | AN123: NaN | AO123: NaN | AP123: NaN | AQ123: NaN | AR123: NaN | AS123: NaN | AT123: NaN | AU123: NaN | AV123: NaN | AW123: NaN | AX123: NaN | AY123: NaN | AZ123: NaN | BA123: NaN | BB123: NaN | BC123: NaN | BD123: NaN | BE123: NaN | BF123: NaN | BG123: NaN | BH123: NaN | BI123: NaN | BJ123: NaN | BK123: NaN | BL123: NaN | BM123: NaN | BN123: NaN | BO123: NaN | BP123: NaN | BQ123: NaN | BR123: NaN | BS123: NaN | BT123: NaN | BU123: NaN | BV123: NaN | BX123: NaN | BY123: NaN | BZ123: NaN | CA123: NaN | CB123: NaN | CC123: NaN | CD123: NaN | CE123: NaN | CF123: NaN | CG123: NaN | CH123: NaN | CI123: NaN | CJ123: NaN | CK123: NaN | CL123: NaN | CM123: NaN | CN123: NaN | CO123: NaN | CP123: NaN | CQ123: NaN | CR123: NaN | CS123: NaN | CT123: NaN | CU123: NaN | CV123: NaN | CW123: NaN | CX123: NaN | CY123: NaN | CZ123: NaN | DA123: NaN | DB123: NaN | DC123: NaN | DD123: NaN | DE123: NaN | DF123: NaN | DG123: NaN | DH123: NaN
A124: 79 | B124: Aragón-Gutierrez, A.; Muñoz-Gimena, P.F.; Gallur, M.; Gavara, R.; López, D.; Hernańdez-Muñoz, P. | C124: Melt-Extruded Home Compostable Films Based On Blends Of Thermoplastic Gliadins And Poly(ε-Caprolactone) Intended For Food Packaging Applications | D124: 2024 | E124: journal of Polymers and the Environment | F124: 10.1007/s10924-023-03163-8 | G124: No | H124: NaN | I124: Multilayer, composite or active packaging material | J124: NaN | K124: NaN | L124: NaN | M124: NaN | N124: NaN | O124: NaN | P124: NaN | Q124: NaN | R124: NaN | S124: NaN | T124: NaN | U124: NaN | V124: NaN | W124: NaN | X124: NaN | Y124: NaN | Z124: NaN | AA124: NaN | AB124: NaN | AC124: NaN | AD124: NaN | AE124: NaN | AF124: NaN | AG124: NaN | AH124: NaN | AI124: NaN | AJ124: NaN | AK124: NaN | AL124: NaN | AM124: NaN | AN124: NaN | AO124: NaN | AP124: NaN | AQ124: NaN | AR124: NaN | AS124: NaN | AT124: NaN | AU124: NaN | AV124: NaN | AW124: NaN | AX124: NaN | AY124: NaN | AZ124: NaN | BA124: NaN | BB124: NaN | BC124: NaN | BD124: NaN | BE124: NaN | BF124: NaN | BG124: NaN | BH124: NaN | BI124: NaN | BJ124: NaN | BK124: NaN | BL124: NaN | BM124: NaN | BN124: NaN | BO124: NaN | BP124: NaN | BQ124: NaN | BR124: NaN | BS124: NaN | BT124: NaN | BU124: NaN | BV124: NaN | BX124: NaN | BY124: NaN | BZ124: NaN | CA124: NaN | CB124: NaN | CC124: NaN | CD124: NaN | CE124: NaN | CF124: NaN | CG124: NaN | CH124: NaN | CI124: NaN | CJ124: NaN | CK124: NaN | CL124: NaN | CM124: NaN | CN124: NaN | CO124: NaN | CP124: NaN | CQ124: NaN | CR124: NaN | CS124: NaN | CT124: NaN | CU124: NaN | CV124: NaN | CW124: NaN | CX124: NaN | CY124: NaN | CZ124: NaN | DA124: NaN | DB124: NaN | DC124: NaN | DD124: NaN | DE124: NaN | DF124: NaN | DG124: NaN | DH124: NaN
A125: 79 | B125: Aragón-Gutierrez, A.; Muñoz-Gimena, P.F.; Gallur, M.; Gavara, R.; López, D.; Hernańdez-Muñoz, P. | C125: Melt-Extruded Home Compostable Films Based On Blends Of Thermoplastic Gliadins And Poly(ε-Caprolactone) Intended For Food Packaging Applications | D125: 2024 | E125: journal of Polymers and the Environment | F125: 10.1007/s10924-023-03163-8 | G125: No | H125: NaN | I125: Multilayer, composite or active packaging material | J125: NaN | K125: NaN | L125: NaN | M125: NaN | N125: NaN | O125: NaN | P125: NaN | Q125: NaN | R125: NaN | S125: NaN | T125: NaN | U125: NaN | V125: NaN | W125: NaN | X125: NaN | Y125: NaN | Z125: NaN | AA125: NaN | AB125: NaN | AC125: NaN | AD125: NaN | AE125: NaN | AF125: NaN | AG125: NaN | AH125: NaN | AI125: NaN | AJ125: NaN | AK125: NaN | AL125: NaN | AM125: NaN | AN125: NaN | AO125: NaN | AP125: NaN | AQ125: NaN | AR125: NaN | AS125: NaN | AT125: NaN | AU125: NaN | AV125: NaN | AW125: NaN | AX125: NaN | AY125: NaN | AZ125: NaN | BA125: NaN | BB125: NaN | BC125: NaN | BD125: NaN | BE125: NaN | BF125: NaN | BG125: NaN | BH125: NaN | BI125: NaN | BJ125: NaN | BK125: NaN | BL125: NaN | BM125: NaN | BN125: NaN | BO125: NaN | BP125: NaN | BQ125: NaN | BR125: NaN | BS125: NaN | BT125: NaN | BU125: NaN | BV125: NaN | BX125: NaN | BY125: NaN | BZ125: NaN | CA125: NaN | CB125: NaN | CC125: NaN | CD125: NaN | CE125: NaN | CF125: NaN | CG125: NaN | CH125: NaN | CI125: NaN | CJ125: NaN | CK125: NaN | CL125: NaN | CM125: NaN | CN125: NaN | CO125: NaN | CP125: NaN | CQ125: NaN | CR125: NaN | CS125: NaN | CT125: NaN | CU125: NaN | CV125: NaN | CW125: NaN | CX125: NaN | CY125: NaN | CZ125: NaN | DA125: NaN | DB125: NaN | DC125: NaN | DD125: NaN | DE125: NaN | DF125: NaN | DG125: NaN | DH125: NaN
A126: 79 | B126: Aragón-Gutierrez, A.; Muñoz-Gimena, P.F.; Gallur, M.; Gavara, R.; López, D.; Hernańdez-Muñoz, P. | C126: Melt-Extruded Home Compostable Films Based On Blends Of Thermoplastic Gliadins And Poly(ε-Caprolactone) Intended For Food Packaging Applications | D126: 2024 | E126: journal of Polymers and the Environment | F126: 10.1007/s10924-023-03163-8 | G126: No | H126: NaN | I126: Multilayer, composite or active packaging material | J126: NaN | K126: NaN | L126: NaN | M126: NaN | N126: NaN | O126: NaN | P126: NaN | Q126: NaN | R126: NaN | S126: NaN | T126: NaN | U126: NaN | V126: NaN | W126: NaN | X126: NaN | Y126: NaN | Z126: NaN | AA126: NaN | AB126: NaN | AC126: NaN | AD126: NaN | AE126: NaN | AF126: NaN | AG126: NaN | AH126: NaN | AI126: NaN | AJ126: NaN | AK126: NaN | AL126: NaN | AM126: NaN | AN126: NaN | AO126: NaN | AP126: NaN | AQ126: NaN | AR126: NaN | AS126: NaN | AT126: NaN | AU126: NaN | AV126: NaN | AW126: NaN | AX126: NaN | AY126: NaN | AZ126: NaN | BA126: NaN | BB126: NaN | BC126: NaN | BD126: NaN | BE126: NaN | BF126: NaN | BG126: NaN | BH126: NaN | BI126: NaN | BJ126: NaN | BK126: NaN | BL126: NaN | BM126: NaN | BN126: NaN | BO126: NaN | BP126: NaN | BQ126: NaN | BR126: NaN | BS126: NaN | BT126: NaN | BU126: NaN | BV126: NaN | BX126: NaN | BY126: NaN | BZ126: NaN | CA126: NaN | CB126: NaN | CC126: NaN | CD126: NaN | CE126: NaN | CF126: NaN | CG126: NaN | CH126: NaN | CI126: NaN | CJ126: NaN | CK126: NaN | CL126: NaN | CM126: NaN | CN126: NaN | CO126: NaN | CP126: NaN | CQ126: NaN | CR126: NaN | CS126: NaN | CT126: NaN | CU126: NaN | CV126: NaN | CW126: NaN | CX126: NaN | CY126: NaN | CZ126: NaN | DA126: NaN | DB126: NaN | DC126: NaN | DD126: NaN | DE126: NaN | DF126: NaN | DG126: NaN | DH126: NaN
A127: 82 | B127: Alahmed, A.; Şimşek, S. | C127: Improving Biodegradable Films from Corn Bran Arabinoxylan for Hydrophobic Material and Green Food Packaging | D127: 2024 | E127: Foods | F127: 10.3390/foods13121914 | G127: No | H127: 0.71 | I127: QS < 0.8 | J127: NaN | K127: NaN | L127: NaN | M127: NaN | N127: NaN | O127: NaN | P127: NaN | Q127: NaN | R127: NaN | S127: NaN | T127: NaN | U127: NaN | V127: NaN | W127: NaN | X127: NaN | Y127: NaN | Z127: NaN | AA127: NaN | AB127: NaN | AC127: NaN | AD127: NaN | AE127: NaN | AF127: NaN | AG127: NaN | AH127: NaN | AI127: NaN | AJ127: NaN | AK127: NaN | AL127: NaN | AM127: NaN | AN127: NaN | AO127: NaN | AP127: NaN | AQ127: NaN | AR127: NaN | AS127: NaN | AT127: NaN | AU127: NaN | AV127: NaN | AW127: NaN | AX127: NaN | AY127: NaN | AZ127: NaN | BA127: NaN | BB127: NaN | BC127: NaN | BD127: NaN | BE127: NaN | BF127: NaN | BG127: NaN | BH127: NaN | BI127: NaN | BJ127: NaN | BK127: NaN | BL127: NaN | BM127: NaN | BN127: NaN | BO127: NaN | BP127: NaN | BQ127: NaN | BR127: NaN | BS127: NaN | BT127: NaN | BU127: NaN | BV127: NaN | BX127: NaN | BY127: NaN | BZ127: NaN | CA127: NaN | CB127: NaN | CC127: NaN | CD127: NaN | CE127: NaN | CF127: NaN | CG127: NaN | CH127: NaN | CI127: NaN | CJ127: NaN | CK127: NaN | CL127: NaN | CM127: NaN | CN127: NaN | CO127: NaN | CP127: NaN | CQ127: NaN | CR127: NaN | CS127: NaN | CT127: NaN | CU127: NaN | CV127: NaN | CW127: NaN | CX127: NaN | CY127: NaN | CZ127: NaN | DA127: NaN | DB127: NaN | DC127: NaN | DD127: NaN | DE127: NaN | DF127: NaN | DG127: NaN | DH127: NaN
A128: 82 | B128: Alahmed, A.; Şimşek, S. | C128: Improving Biodegradable Films from Corn Bran Arabinoxylan for Hydrophobic Material and Green Food Packaging | D128: 2024 | E128: Foods | F128: 10.3390/foods13121914 | G128: No | H128: 0.71 | I128: QS < 0.8 | J128: NaN | K128: NaN | L128: NaN | M128: NaN | N128: NaN | O128: NaN | P128: NaN | Q128: NaN | R128: NaN | S128: NaN | T128: NaN | U128: NaN | V128: NaN | W128: NaN | X128: NaN | Y128: NaN | Z128: NaN | AA128: NaN | AB128: NaN | AC128: NaN | AD128: NaN | AE128: NaN | AF128: NaN | AG128: NaN | AH128: NaN | AI128: NaN | AJ128: NaN | AK128: NaN | AL128: NaN | AM128: NaN | AN128: NaN | AO128: NaN | AP128: NaN | AQ128: NaN | AR128: NaN | AS128: NaN | AT128: NaN | AU128: NaN | AV128: NaN | AW128: NaN | AX128: NaN | AY128: NaN | AZ128: NaN | BA128: NaN | BB128: NaN | BC128: NaN | BD128: NaN | BE128: NaN | BF128: NaN | BG128: NaN | BH128: NaN | BI128: NaN | BJ128: NaN | BK128: NaN | BL128: NaN | BM128: NaN | BN128: NaN | BO128: NaN | BP128: NaN | BQ128: NaN | BR128: NaN | BS128: NaN | BT128: NaN | BU128: NaN | BV128: NaN | BX128: NaN | BY128: NaN | BZ128: NaN | CA128: NaN | CB128: NaN | CC128: NaN | CD128: NaN | CE128: NaN | CF128: NaN | CG128: NaN | CH128: NaN | CI128: NaN | CJ128: NaN | CK128: NaN | CL128: NaN | CM128: NaN | CN128: NaN | CO128: NaN | CP128: NaN | CQ128: NaN | CR128: NaN | CS128: NaN | CT128: NaN | CU128: NaN | CV128: NaN | CW128: NaN | CX128: NaN | CY128: NaN | CZ128: NaN | DA128: NaN | DB128: NaN | DC128: NaN | DD128: NaN | DE128: NaN | DF128: NaN | DG128: NaN | DH128: NaN
A129: 82 | B129: Alahmed, A.; Şimşek, S. | C129: Improving Biodegradable Films from Corn Bran Arabinoxylan for Hydrophobic Material and Green Food Packaging | D129: 2024 | E129: Foods | F129: 10.3390/foods13121914 | G129: No | H129: 0.71 | I129: QS < 0.8 | J129: NaN | K129: NaN | L129: NaN | M129: NaN | N129: NaN | O129: NaN | P129: NaN | Q129: NaN | R129: NaN | S129: NaN | T129: NaN | U129: NaN | V129: NaN | W129: NaN | X129: NaN | Y129: NaN | Z129: NaN | AA129: NaN | AB129: NaN | AC129: NaN | AD129: NaN | AE129: NaN | AF129: NaN | AG129: NaN | AH129: NaN | AI129: NaN | AJ129: NaN | AK129: NaN | AL129: NaN | AM129: NaN | AN129: NaN | AO129: NaN | AP129: NaN | AQ129: NaN | AR129: NaN | AS129: NaN | AT129: NaN | AU129: NaN | AV129: NaN | AW129: NaN | AX129: NaN | AY129: NaN | AZ129: NaN | BA129: NaN | BB129: NaN | BC129: NaN | BD129: NaN | BE129: NaN | BF129: NaN | BG129: NaN | BH129: NaN | BI129: NaN | BJ129: NaN | BK129: NaN | BL129: NaN | BM129: NaN | BN129: NaN | BO129: NaN | BP129: NaN | BQ129: NaN | BR129: NaN | BS129: NaN | BT129: NaN | BU129: NaN | BV129: NaN | BX129: NaN | BY129: NaN | BZ129: NaN | CA129: NaN | CB129: NaN | CC129: NaN | CD129: NaN | CE129: NaN | CF129: NaN | CG129: NaN | CH129: NaN | CI129: NaN | CJ129: NaN | CK129: NaN | CL129: NaN | CM129: NaN | CN129: NaN | CO129: NaN | CP129: NaN | CQ129: NaN | CR129: NaN | CS129: NaN | CT129: NaN | CU129: NaN | CV129: NaN | CW129: NaN | CX129: NaN | CY129: NaN | CZ129: NaN | DA129: NaN | DB129: NaN | DC129: NaN | DD129: NaN | DE129: NaN | DF129: NaN | DG129: NaN | DH129: NaN
A130: 83 | B130: Cheng, H.N.; Biswas, A.; Kuzniar, G.; Kim, S.; Liu, Z.; He, Z. | C130: Blends of Carboxymethyl Cellulose and Cottonseed Protein as Biodegradable Films | D130: 2024 | E130: Polymers | F130: 10.3390/polym16111554 | G130: No | H130: NaN | I130: Multilayer, composite or active packaging material | J130: NaN | K130: NaN | L130: NaN | M130: NaN | N130: NaN | O130: NaN | P130: NaN | Q130: NaN | R130: NaN | S130: NaN | T130: NaN | U130: NaN | V130: NaN | W130: NaN | X130: NaN | Y130: NaN | Z130: NaN | AA130: NaN | AB130: NaN | AC130: NaN | AD130: NaN | AE130: NaN | AF130: NaN | AG130: NaN | AH130: NaN | AI130: NaN | AJ130: NaN | AK130: NaN | AL130: NaN | AM130: NaN | AN130: NaN | AO130: NaN | AP130: NaN | AQ130: NaN | AR130: NaN | AS130: NaN | AT130: NaN | AU130: NaN | AV130: NaN | AW130: NaN | AX130: NaN | AY130: NaN | AZ130: NaN | BA130: NaN | BB130: NaN | BC130: NaN | BD130: NaN | BE130: NaN | BF130: NaN | BG130: NaN | BH130: NaN | BI130: NaN | BJ130: NaN | BK130: NaN | BL130: NaN | BM130: NaN | BN130: NaN | BO130: NaN | BP130: NaN | BQ130: NaN | BR130: NaN | BS130: NaN | BT130: NaN | BU130: NaN | BV130: NaN | BX130: NaN | BY130: NaN | BZ130: NaN | CA130: NaN | CB130: NaN | CC130: NaN | CD130: NaN | CE130: NaN | CF130: NaN | CG130: NaN | CH130: NaN | CI130: NaN | CJ130: NaN | CK130: NaN | CL130: NaN | CM130: NaN | CN130: NaN | CO130: NaN | CP130: NaN | CQ130: NaN | CR130: NaN | CS130: NaN | CT130: NaN | CU130: NaN | CV130: NaN | CW130: NaN | CX130: NaN | CY130: NaN | CZ130: NaN | DA130: NaN | DB130: NaN | DC130: NaN | DD130: NaN | DE130: NaN | DF130: NaN | DG130: NaN | DH130: NaN
A131: 84 | B131: Ranote, S.; Kowalczuk, M.; Guzenko, N.; Duale, K.; Chaber, P.; Musioł, M.; Jankowski, A.; Marcinkowski, A.; Kurcok, P.; Chauhan, G.S.; Chauhan, S.; Kumar, K. | C131: Towards scalable and degradable bioplastic films from Moringa oleifera gum/poly(vinyl alcohol) as packaging material | D131: 2024 | E131: International journal of Biological Macromolecules | F131: 10.1016/j.ijbiomac.2024.132219 | G131: No | H131: NaN | I131: Test conditions (T, RH, thickness) for barrier properties not recorded | J131: NaN | K131: NaN | L131: NaN | M131: NaN | N131: NaN | O131: NaN | P131: NaN | Q131: NaN | R131: NaN | S131: NaN | T131: NaN | U131: NaN | V131: NaN | W131: NaN | X131: NaN | Y131: NaN | Z131: NaN | AA131: NaN | AB131: NaN | AC131: NaN | AD131: NaN | AE131: NaN | AF131: NaN | AG131: NaN | AH131: NaN | AI131: NaN | AJ131: NaN | AK131: NaN | AL131: NaN | AM131: NaN | AN131: NaN | AO131: NaN | AP131: NaN | AQ131: NaN | AR131: NaN | AS131: NaN | AT131: NaN | AU131: NaN | AV131: NaN | AW131: NaN | AX131: NaN | AY131: NaN | AZ131: NaN | BA131: NaN | BB131: NaN | BC131: NaN | BD131: NaN | BE131: NaN | BF131: NaN | BG131: NaN | BH131: NaN | BI131: NaN | BJ131: NaN | BK131: NaN | BL131: NaN | BM131: NaN | BN131: NaN | BO131: NaN | BP131: NaN | BQ131: NaN | BR131: NaN | BS131: NaN | BT131: NaN | BU131: NaN | BV131: NaN | BX131: NaN | BY131: NaN | BZ131: NaN | CA131: NaN | CB131: NaN | CC131: NaN | CD131: NaN | CE131: NaN | CF131: NaN | CG131: NaN | CH131: NaN | CI131: NaN | CJ131: NaN | CK131: NaN | CL131: NaN | CM131: NaN | CN131: NaN | CO131: NaN | CP131: NaN | CQ131: NaN | CR131: NaN | CS131: NaN | CT131: NaN | CU131: NaN | CV131: NaN | CW131: NaN | CX131: NaN | CY131: NaN | CZ131: NaN | DA131: NaN | DB131: NaN | DC131: NaN | DD131: NaN | DE131: NaN | DF131: NaN | DG131: NaN | DH131: NaN
A132: 85 | B132: Shahir, F.A.; Ahmadi, Z.; Darvishi, S.M.R. | C132: Sustainable packaging: A comparative study on thermoplastic whey protein films with biodegradable plasticizers | D132: 2024 | E132: Express Polymer Letters | F132: 10.3144/expresspolymlett.2024.44 | G132: No | H132: NaN | I132: Test conditions (T, RH, thickness) for barrier properties not recorded | J132: NaN | K132: NaN | L132: NaN | M132: NaN | N132: NaN | O132: NaN | P132: NaN | Q132: NaN | R132: NaN | S132: NaN | T132: NaN | U132: NaN | V132: NaN | W132: NaN | X132: NaN | Y132: NaN | Z132: NaN | AA132: NaN | AB132: NaN | AC132: NaN | AD132: NaN | AE132: NaN | AF132: NaN | AG132: NaN | AH132: NaN | AI132: NaN | AJ132: NaN | AK132: NaN | AL132: NaN | AM132: NaN | AN132: NaN | AO132: NaN | AP132: NaN | AQ132: NaN | AR132: NaN | AS132: NaN | AT132: NaN | AU132: NaN | AV132: NaN | AW132: NaN | AX132: NaN | AY132: NaN | AZ132: NaN | BA132: NaN | BB132: NaN | BC132: NaN | BD132: NaN | BE132: NaN | BF132: NaN | BG132: NaN | BH132: NaN | BI132: NaN | BJ132: NaN | BK132: NaN | BL132: NaN | BM132: NaN | BN132: NaN | BO132: NaN | BP132: NaN | BQ132: NaN | BR132: NaN | BS132: NaN | BT132: NaN | BU132: NaN | BV132: NaN | BX132: NaN | BY132: NaN | BZ132: NaN | CA132: NaN | CB132: NaN | CC132: NaN | CD132: NaN | CE132: NaN | CF132: NaN | CG132: NaN | CH132: NaN | CI132: NaN | CJ132: NaN | CK132: NaN | CL132: NaN | CM132: NaN | CN132: NaN | CO132: NaN | CP132: NaN | CQ132: NaN | CR132: NaN | CS132: NaN | CT132: NaN | CU132: NaN | CV132: NaN | CW132: NaN | CX132: NaN | CY132: NaN | CZ132: NaN | DA132: NaN | DB132: NaN | DC132: NaN | DD132: NaN | DE132: NaN | DF132: NaN | DG132: NaN | DH132: NaN
...

Sheet ConversionFactors
A1: barrier_property | B1: from_unit | C1: target_unit | D1: mass/volume_from_unit | E1: mass/volume_target_unit | F1: mass/volume_factor | G1: thickness_from_unit | H1: thickness_target_unit | I1: thickness_factor | J1: area_from_unit | K1: area_target_unit | L1: area_factor | M1: time_from_unit | N1: time_target_unit | O1: time_factor | P1: pressure_from_unit | Q1: pressure_target_unit | R1: pressure_factor | S1: final_factor
A2: Property | B2: from | C2: to | D2: from | E2: to | F2: factor | G2: from | H2: to | I2: factor | J2: from | K2: to | L2: factor | M2: from | N2: to | O2: factor | P2: from | Q2: to | R2: factor
A3: WVP | B3: g·m·m⁻²·d⁻¹·Pa⁻¹ | C3: g·µm·m⁻²·d⁻¹·bar⁻¹ | D3: g | E3: g | F3: 1 | G3: m | H3: µm | I3: 1000000 | J3: m⁻² | K3: m⁻² | L3: 1 | M3: d⁻¹ | N3: d⁻¹ | O3: 1 | P3: Pa⁻¹ | Q3: bar⁻¹ | R3: 100000 | S3: =Tabel5[[#This Row],[mass/volume_factor]]*Tabel5[[#This Row],[thickness_factor]]*Tabel5[[#This Row],[area_factor]]*Tabel5[[#This Row],[time_factor]]*Tabel5[[#This Row],[pressure_factor]] -> 100000000000
A4: WVP | B4: cm³·mm·m⁻²·d⁻¹·kPa⁻¹ | C4: g·µm·m⁻²·d⁻¹·bar⁻¹ | D4: cm³ | E4: g | F4: 1 | G4: mm | H4: µm | I4: 1000 | J4: m⁻² | K4: m⁻² | L4: 1 | M4: d⁻¹ | N4: d⁻¹ | O4: 1 | P4: kPa⁻¹ | Q4: bar⁻¹ | R4: 100 | S4: =Tabel5[[#This Row],[mass/volume_factor]]*Tabel5[[#This Row],[thickness_factor]]*Tabel5[[#This Row],[area_factor]]*Tabel5[[#This Row],[time_factor]]*Tabel5[[#This Row],[pressure_factor]] -> 100000
A5: WVP | B5: g·m·m⁻²·h⁻¹·Pa⁻¹ | C5: g·µm·m⁻²·d⁻¹·bar⁻¹ | D5: g | E5: g | F5: 1 | G5: m | H5: µm | I5: 1000000 | J5: m⁻² | K5: m⁻² | L5: 1 | M5: h⁻¹ | N5: d⁻¹ | O5: 24 | P5: Pa⁻¹ | Q5: bar⁻¹ | R5: 100000 | S5: =Tabel5[[#This Row],[mass/volume_factor]]*Tabel5[[#This Row],[thickness_factor]]*Tabel5[[#This Row],[area_factor]]*Tabel5[[#This Row],[time_factor]]*Tabel5[[#This Row],[pressure_factor]] -> 2400000000000
A6: WVP | B6: g·m·m⁻²·s⁻¹·Pa⁻¹ | C6: g·µm·m⁻²·d⁻¹·bar⁻¹ | D6: g | E6: g | F6: 1 | G6: m | H6: µm | I6: 1000000 | J6: m⁻² | K6: m⁻² | L6: 1 | M6: s⁻¹ | N6: d⁻¹ | O6: 86400 | P6: Pa⁻¹ | Q6: bar⁻¹ | R6: 100000 | S6: =Tabel5[[#This Row],[mass/volume_factor]]*Tabel5[[#This Row],[thickness_factor]]*Tabel5[[#This Row],[area_factor]]*Tabel5[[#This Row],[time_factor]]*Tabel5[[#This Row],[pressure_factor]] -> 8.64e+15
A7: WVP | B7: g·mm·m⁻²·d⁻¹ | C7: g·µm·m⁻²·d⁻¹·bar⁻ | D7: g | E7: g | F7: 1 | G7: mm | H7: µm | I7: 1000 | J7: m⁻² | K7: m⁻² | L7: 1 | M7: d⁻¹ | N7: d⁻¹ | O7: 1 | P7: NA, at 23°C & 85% RH | Q7: bar⁻¹ | R7: =1/0.0239 -> 41.841004 | S7: =Tabel5[[#This Row],[mass/volume_factor]]*Tabel5[[#This Row],[thickness_factor]]*Tabel5[[#This Row],[area_factor]]*Tabel5[[#This Row],[time_factor]]*Tabel5[[#This Row],[pressure_factor]] -> 41841.004
A8: WVP | B8: g·mm·m⁻²·h⁻¹·kPa⁻¹ | C8: g·µm·m⁻²·d⁻¹·bar⁻¹ | D8: g | E8: g | F8: 1 | G8: mm | H8: µm | I8: 1000 | J8: m⁻² | K8: m⁻² | L8: 1 | M8: h⁻¹ | N8: d⁻¹ | O8: 24 | P8: kPa⁻¹ | Q8: bar⁻¹ | R8: 100 | S8: =Tabel5[[#This Row],[mass/volume_factor]]*Tabel5[[#This Row],[thickness_factor]]*Tabel5[[#This Row],[area_factor]]*Tabel5[[#This Row],[time_factor]]*Tabel5[[#This Row],[pressure_factor]] -> 2400000
A9: WVP | B9: kg·m·m⁻²·s⁻¹·Pa⁻¹ | C9: g·µm·m⁻²·d⁻¹·bar⁻¹ | D9: kg | E9: g | F9: 1000 | G9: m | H9: µm | I9: 1000000 | J9: m⁻² | K9: m⁻² | L9: 1 | M9: s⁻¹ | N9: d⁻¹ | O9: 86400 | P9: Pa⁻¹ | Q9: bar⁻¹ | R9: 100000 | S9: =Tabel5[[#This Row],[mass/volume_factor]]*Tabel5[[#This Row],[thickness_factor]]*Tabel5[[#This Row],[area_factor]]*Tabel5[[#This Row],[time_factor]]*Tabel5[[#This Row],[pressure_factor]] -> 8.64e+18
A10: WVP | B10: m³·m·m⁻²·s⁻¹·Pa⁻¹ | C10: g·µm·m⁻²·d⁻¹·bar⁻¹ | D10: m³ | E10: g | F10: 1000000 | G10: m | H10: µm | I10: 1000000 | J10: m⁻² | K10: m⁻² | L10: 1 | M10: s⁻¹ | N10: d⁻¹ | O10: 86400 | P10: Pa⁻¹ | Q10: bar⁻¹ | R10: 100000 | S10: =Tabel5[[#This Row],[mass/volume_factor]]*Tabel5[[#This Row],[thickness_factor]]*Tabel5[[#This Row],[area_factor]]*Tabel5[[#This Row],[time_factor]]*Tabel5[[#This Row],[pressure_factor]] -> 8.64e+21
A11: WVTR | B11: g·m⁻²·d⁻¹ | C11: g·m⁻²·d⁻¹ | D11: g | E11: g | F11: 1 | G11: NA | H11: NA | I11: NA | J11: m⁻² | K11: m⁻² | L11: 1 | M11: d⁻¹ | N11: d⁻¹ | O11: 1 | P11: NA | Q11: NA | R11: NA | S11: =Tabel5[[#This Row],[mass/volume_factor]]*Tabel5[[#This Row],[area_factor]]*Tabel5[[#This Row],[time_factor]] -> 1
A12: WVTR | B12: g·m⁻²·s⁻¹ | C12: g·m⁻²·d⁻¹ | D12: g | E12: g | F12: 1 | G12: NA | H12: NA | I12: NA | J12: m⁻² | K12: m⁻² | L12: 1 | M12: s⁻¹ | N12: d⁻¹ | O12: 86400 | P12: NA | Q12: NA | R12: NA | S12: =Tabel5[[#This Row],[mass/volume_factor]]*Tabel5[[#This Row],[area_factor]]*Tabel5[[#This Row],[time_factor]] -> 86400
A13: PO₂ | B13: cm³·cm·cm⁻²·s⁻¹·atm⁻¹ | C13: cm³·µm·m⁻²·d⁻¹·bar⁻¹ | D13: cm³ | E13: cm³ | F13: 1 | G13: cm | H13: µm | I13: 10000 | J13: cm⁻² | K13: m⁻² | L13: 10000 | M13: s⁻¹ | N13: d⁻¹ | O13: 86400 | P13: atm⁻¹ | Q13: bar⁻¹ | R13: 0.9869 | S13: =Tabel5[[#This Row],[mass/volume_factor]]*Tabel5[[#This Row],[thickness_factor]]*Tabel5[[#This Row],[area_factor]]*Tabel5[[#This Row],[time_factor]]*Tabel5[[#This Row],[pressure_factor]] -> 8526816000000
A14: PO₂ | B14: cm³·cm·m⁻²·d⁻¹·atm⁻¹ | C14: cm³·µm·m⁻²·d⁻¹·bar⁻¹ | D14: cm³ | E14: cm³ | F14: 1 | G14: cm | H14: µm | I14: 10000 | J14: m⁻² | K14: m⁻² | L14: 1 | M14: d⁻¹ | N14: d⁻¹ | O14: 1 | P14: atm⁻¹ | Q14: bar⁻¹ | R14: 0.9869 | S14: =Tabel5[[#This Row],[mass/volume_factor]]*Tabel5[[#This Row],[thickness_factor]]*Tabel5[[#This Row],[area_factor]]*Tabel5[[#This Row],[time_factor]]*Tabel5[[#This Row],[pressure_factor]] -> 9869
A15: PO₂ | B15: cm³·mm·m⁻²·d⁻¹·atm⁻¹ | C15: cm³·µm·m⁻²·d⁻¹·bar⁻138 | D15: cm³ | E15: cm³ | F15: 1 | G15: mm | H15: µm | I15: 1000 | J15: m⁻² | K15: m⁻² | L15: 1 | M15: d⁻¹ | N15: d⁻¹ | O15: 1 | P15: atm⁻¹ | Q15: bar⁻¹ | R15: 0.9869 | S15: =Tabel5[[#This Row],[mass/volume_factor]]*Tabel5[[#This Row],[thickness_factor]]*Tabel5[[#This Row],[area_factor]]*Tabel5[[#This Row],[time_factor]]*Tabel5[[#This Row],[pressure_factor]] -> 986.9
A16: PO₂ | B16: cm³·mm·m⁻²·d⁻¹·bar⁻¹ | C16: cm³·µm·m⁻²·d⁻¹·bar⁻138 | D16: cm³ | E16: cm³ | F16: 1 | G16: mm | H16: µm | I16: 1000 | J16: m⁻² | K16: m⁻² | L16: 1 | M16: d⁻¹ | N16: d⁻¹ | O16: 1 | P16: bar⁻¹ | Q16: bar⁻¹ | R16: 1 | S16: =Tabel5[[#This Row],[mass/volume_factor]]*Tabel5[[#This Row],[thickness_factor]]*Tabel5[[#This Row],[area_factor]]*Tabel5[[#This Row],[time_factor]]*Tabel5[[#This Row],[pressure_factor]] -> 1000
A17: PO₂ | B17: cm³·mm·m⁻²·d⁻¹·kPa⁻¹ | C17: cm³·µm·m⁻²·d⁻¹·bar⁻¹ | D17: cm³ | E17: cm³ | F17: 1 | G17: mm | H17: µm | I17: 1000 | J17: m⁻² | K17: m⁻² | L17: 1 | M17: d⁻¹ | N17: d⁻¹ | O17: 1 | P17: kPa⁻¹ | Q17: bar⁻¹ | R17: 100 | S17: =Tabel5[[#This Row],[mass/volume_factor]]*Tabel5[[#This Row],[thickness_factor]]*Tabel5[[#This Row],[area_factor]]*Tabel5[[#This Row],[time_factor]]*Tabel5[[#This Row],[pressure_factor]] -> 100000
A18: PO₂ | B18: m³·m·m⁻²·s⁻¹·Pa⁻¹ | C18: cm³·µm·m⁻²·d⁻¹·bar⁻138 | D18: m³ | E18: cm³ | F18: 1000000 | G18: m | H18: µm | I18: 1000000 | J18: m⁻² | K18: m⁻² | L18: 1 | M18: s⁻¹ | N18: d⁻¹ | O18: 86400 | P18: Pa⁻¹ | Q18: bar⁻¹ | R18: 100000 | S18: =Tabel5[[#This Row],[mass/volume_factor]]*Tabel5[[#This Row],[thickness_factor]]*Tabel5[[#This Row],[area_factor]]*Tabel5[[#This Row],[time_factor]]*Tabel5[[#This Row],[pressure_factor]] -> 8.64e+21
A19: PO₂ | B19: mL·m·m⁻²·d⁻¹·Pa⁻¹ | C19: cm³·µm·m⁻²·d⁻¹·bar⁻139 | D19: mL | E19: cm³ | F19: 1 | G19: m | H19: µm | I19: 1000000 | J19: m⁻² | K19: m⁻² | L19: 1 | M19: d⁻¹ | N19: d⁻¹ | O19: 1 | P19: Pa⁻¹ | Q19: bar⁻¹ | R19: 100000 | S19: =Tabel5[[#This Row],[mass/volume_factor]]*Tabel5[[#This Row],[thickness_factor]]*Tabel5[[#This Row],[area_factor]]*Tabel5[[#This Row],[time_factor]]*Tabel5[[#This Row],[pressure_factor]] -> 100000000000
A20: OTR | B20: cm³·m⁻²·d⁻¹·(0.1 MPa)⁻¹ | C20: cm³·m⁻²·d⁻¹·bar⁻¹ | D20: cm³ | E20: cm³ | F20: 1 | G20: NA | H20: NA | I20: NA | J20: m⁻² | K20: m⁻² | L20: 1 | M20: d⁻¹ | N20: d⁻¹ | O20: 1 | P20: 0.1mPa⁻¹ | Q20: bar⁻¹ | R20: 1 | S20: =Tabel5[[#This Row],[mass/volume_factor]]*Tabel5[[#This Row],[area_factor]]*Tabel5[[#This Row],[time_factor]]*Tabel5[[#This Row],[pressure_factor]] -> 1
A21: PCO₂ | B21: cm³·cm·cm⁻²·s⁻¹·atm⁻¹ | C21: cm³·µm·m⁻²·d⁻¹·bar⁻¹ | D21: cm³ | E21: cm³ | F21: 1 | G21: cm | H21: µm | I21: 10000 | J21: cm⁻² | K21: m⁻² | L21: 10000 | M21: s⁻¹ | N21: d⁻¹ | O21: 86400 | P21: atm⁻¹ | Q21: bar⁻¹ | R21: 0.9869 | S21: =Tabel5[[#This Row],[mass/volume_factor]]*Tabel5[[#This Row],[thickness_factor]]*Tabel5[[#This Row],[area_factor]]*Tabel5[[#This Row],[time_factor]]*Tabel5[[#This Row],[pressure_factor]] -> 8526816000000
A22: PCO₂ | B22: cm³·cm·m⁻²·d⁻¹·atm⁻¹ | C22: cm³·µm·m⁻²·d⁻¹·bar⁻¹ | D22: cm³ | E22: cm³ | F22: 1 | G22: cm | H22: µm | I22: 10000 | J22: m⁻² | K22: m⁻² | L22: 1 | M22: d⁻¹ | N22: d⁻¹ | O22: 1 | P22: atm⁻¹ | Q22: bar⁻¹ | R22: 0.9869 | S22: =Tabel5[[#This Row],[mass/volume_factor]]*Tabel5[[#This Row],[thickness_factor]]*Tabel5[[#This Row],[area_factor]]*Tabel5[[#This Row],[time_factor]]*Tabel5[[#This Row],[pressure_factor]] -> 9869
A23: PCO₂ | B23: cm³·mm·m⁻²·d⁻¹·kPa⁻¹ | C23: cm³·µm·m⁻²·d⁻¹·bar⁻¹ | D23: cm³ | E23: cm³ | F23: 1 | G23: mm | H23: µm | I23: 1000 | J23: m⁻² | K23: m⁻² | L23: 1 | M23: d⁻¹ | N23: d⁻¹ | O23: 1 | P23: kPa⁻¹ | Q23: bar⁻¹ | R23: 100 | S23: =Tabel5[[#This Row],[mass/volume_factor]]*Tabel5[[#This Row],[thickness_factor]]*Tabel5[[#This Row],[area_factor]]*Tabel5[[#This Row],[time_factor]]*Tabel5[[#This Row],[pressure_factor]] -> 100000

Sheet CriticalAppraisal
A1: Article_ID | B1: Authors | C1: Title | D1: Year | E1: Journal | F1: DOI | G1: Material group | H1: 1. Are the aim and research questions clear? | I1: Comment_1 | J1: 2. Are the materials and film preparation sufficiently described? | K1: Comment_2 | L1: 3. Are barrier measurements conducted using validated and standardized methods? | M1: Comment_3 | N1: 4. Are appropriate controls or reference materials included? | O1: Comment_4 | P1: 5. Are barrier properties validated through replicates? | Q1: Comment_5 | R1: 6. Are data reported fully and transparently in a suitable form? | S1: Comment_6 | T1: 7. Are explanations and conclusions appropriate and supported by the data and contextualized appropriately? | U1: Comment_7 | V1: QS | W1: Included_after_QA
A2: 1 | B2: Montalvo-Paquini, C.; Piñeiro-García, A.; Palou, E.; Mani-López, E.; López-Malo, A.; Hernández-Figueroa, R.H. | C2: pH-Drive on the Design and Properties of Legume Protein-Based Films | D2: 2025 | E2: ACS Applied Polymer Materials | F2: 10.1021/acsapm.5c03228 | G2: Protein concentrate | H2: 1 | I2: Considering previous studies, the present work investigates how pH influences the physicochemical characteristics of legume protein-based films. Specifically, the effect of three pH levels (7.0, 8.5, and 10.0) was evaluated in films prepared from broad beans, Peruvian beans, and lentils. By isolating pH as the primary variable, this study enables a controlled assessment of its impact on key functional and structural properties, including thickness, mechanical behavior, solubility, barrier capacity, and thermal stability. The outcomes aim to advance understanding of pH-driven modifications in legume protein matrices and support the development of more effective and sustainable biobased films for food packaging applications. | J2: 1 | L2: 1 | N2: 0.5 | O2: All comparisons are internal. pH=7 is the baseline comparison. | P2: 1 | Q2: >3 for barrier properties, and 10 different locations per film for thickness | R2: 0.5 | S2: Vlues are shown in bar chart without complete values | T2: 1 | U2: Conclusions supported, limitations acknowledged, and comparability discussed | V2: =SUM(H2,J2,L2,N2,P2,R2,T2)/7 -> 0.85714286 | W2: Yes
A3: 5 | B3: Ncube, L.K.; Ude, A.U.; Ogunmuyiwa, E.N.; Beas, I.N. | C3: Development and characterisation of Polylactic acid / Bambara groundnut (Vigna subterranea (L.) Verdc) shells biocomposite for food packaging application | D3: 2025 | E3: Scientific African | F3: 10.1016/j.sciaf.2025.e03090 | G3: PLA | H3: 0.5 | I3: In this study, the preliminary focus is on fabricating improved packaging to meet fundamental requirements of packaging through investigating the biocomposites for mechanical, barrier and thermal properties. | J3: 1 | L3: 1 | N3: 1 | O3: PLA without bambara groundnuts as control | P3: 0.5 | Q3: >3 replicates for barrier properties, thickness not specified | R3: 1 | S3: In text, including standard deviations | T3: 1 | U3: Conclusions supported by literature, comparability discussed. | V3: =SUM(H3,J3,L3,N3,P3,R3,T3)/7 -> 0.85714286 | W3: Yes
A4: 6 | B4: Chandrasekar, C.M.; Carullo, D.; Saitta, F.; Bellesia, T.; Caneva, E.; Baschieri, C.; Signorelli, M.; Barbiroli, A.G.; Fessas, D.; Farris, S.; Romano, D. | C4: Lipase-mediated bi-phasic modification of citrus pectin (MCP) and expedition of its packaging film characteristics | D4: 2025 | E4: International Journal of Biological Macromolecules | F4: 10.1016/j.ijbiomac.2025.148727 | G4: Pectin | H4: 1 | I4: The main objective of this work is to modify citrus pectin with stearic acid using commercially available lipase in a biphasic reaction medium. Moreover, this study aims to develop MCP-based packaging films. | J4: 0 | K4: How thickness is measured is missing. The environmental conditions differ for barrier properties between the methods and the results. | L4: 1 | N4: 1 | O4: Unmodified pectin films as control. | P4: 0.5 | Q4: >3 replicates for barrier properties, thickness not specified | R4: 1 | S4: Table including standard deviations | T4: 0.5 | U4: Conclusions supported but limitations or comparability not discussed | V4: =SUM(H4,J4,L4,N4,P4,R4,T4)/7 -> 0.71428571 | W4: No
A5: 13 | B5: Sun, T.; Ren, S.; Hu, J.; Zhang, J.; Liu, L.; Du, J.; Wang, X.; Deng, Y.; Yun, X.; Dong, T. | C5: Copolymerized and blended poly(L-lactic acid)-based films with potential for dairy packaging: Soil degradation behavior | D5: 2025 | E5: Industrial Crops and Products | F5: 10.1016/j.indcrop.2025.121583 | G5: PLA | H5: 0.5 | I5: Aim and research questions are not explicitly mentioned. | J5: 0.5 | K5: Overall parameters are well described, but how thickness is measured is missing. | L5: 1 | N5: 1 | O5: Neat PLLA is the control | P5: 0.5 | Q5: >3 replicates for barrier properties, thickness not specified | R5: 0.5 | S5: Vlues are shown in bar chart without complete values | T5: 0.5 | U5: Limited support by literature, also comparability not discussed. | V5: =SUM(H5,J5,L5,N5,P5,R5,T5)/7 -> 0.64285714 | W5: No
A6: 18 | B6: Macieja, S.; Mizielińska, M.; El Fray, M.; Bartkowiak, A. | C6: Novel Poly(butylene succinate-dilinoleic succinate) Films in Packaging Systems for Fresh Cut Chicory | D6: 2025 | E6: Coatings | F6: 10.3390/coatings15091095 | G6: PBS | H6: 0.5 | I6: Aim and research questions are not explicitly mentioned. | J6: 1 | L6: 1 | N6: 1 | O6: OPP and neat PBS are used as control | P6: 1 | Q6: Replicates for Physicochemical tests and thickness are >3 and clearly stated | R6: 1 | S6: Table including standard deviations | T6: 0.5 | U6: Limited discussion. | V6: =SUM(H6,J6,L6,N6,P6,R6,T6)/7 -> 0.85714286 | W6: Yes
A7: 20 | B7: Sepúlveda-Carter, J.; Faba, S.; Rodríguez, M.S.; Arrieta, M.P. | C7: Reprocessing of Simulated Industrial PLA Waste for Food Contact Applications | D7: 2025 | E7: Polymers | F7: 10.3390/polym17182439 | G7: PLA | H7: 1 | I7: The main goal of this research is to study the possibility to reintroduce PLA from the industrial trimming process (discarded defective PLA parts and/or plastics edges, burrs and scraps produced during manufacturing) into the food packaging sector. | J7: 0.5 | K7: Overall parameters are well described, but how thickness is measured is missing. | L7: 1 | N7: 1 | O7: Neat PLA as control | P7: 0.5 | Q7: >3 replicates for barrier properties, thickness not specified | R7: 1 | S7: Table including standard deviations | T7: 1 | U7: Conclusions supported by literature, comparability discussed. | V7: =SUM(H7,J7,L7,N7,P7,R7,T7)/7 -> 0.85714286 | W7: Yes
A8: 21 | B8: Sabzevari, S.; Farrokhzad, H.; Poorkhalil, A. | C8: Synthesis and characterization of a hydrogel film based on chitosan/carboxymethyl cellulose for food packaging applications | D8: 2025 | E8: Carbohydrate Polymer Technologies and Applications | F8: 10.1016/j.carpta.2025.100983 | G8: Chitosan | H8: 1 | I8: (1) to synthesize environmentally friendly and stable CMC–CA–CS composite hydrogel films using varying weight percentages of citric acid; (2) determine the influence of citric acid on the crosslinking density; (3) investigate the effect of crosslinking density on water stability and hydrophobicity using WVP, contact angle, solubility, and swelling analyses, as well as mechanical properties evaluation; and (4) select an optimized formulation and perform additional characterization (XRD, DSC, TGA) to comprehensively evaluate the properties of the resulting hydrogel film. | J8: 1 | L8: 1 | N8: 1 | O8: Neat Chitosan, neat cellulose and commercial PP for food storage tests | P8: 1 | Q8: Barrier properties are measured 5 times, thickness is measured 5 times per film at different spots | R8: 0.5 | S8: Graph with values, but SD not readable | T8: 0.5 | U8: Conclusions supported by literature, comparability not discussed | V8: =SUM(H8,J8,L8,N8,P8,R8,T8)/7 -> 0.85714286 | W8: Yes
A9: 22 | B9: Zamanidehyaghoubi, G.; Shahidi, F.; Edalatian Dovom, M.R.; Mohebbi, M.; Roshanak, S. | C9: Investigating the effect of three different types and concentrations of plasticizers on physico-mechanical properties of pullulan food-packaging films | D9: 2025 | E9: Food Packaging and Shelf Life | F9: 10.1016/j.fpsl.2025.101590 | G9: Pullulan | H9: 1 | I9: In view of this, this study aimed to assess the effect of glycerol, sorbitol and fructose at different concentrations on pullulan films’ physico-mechanical characteristics. This study aimed to evaluate the effect of plasticizer type (glycerol, sorbitol and fructose) and concentration (5, 7.5 and 10 % w/w) on pullulan films’ thickness, moisture content (MC), tensile strength (TS), elongation at break (EAB), folding endurance (FE), water vapor permeability (WVP), oxygen permeability (O2P), oil resistance (OiR), ultra violet and visible light transmittance (Tr280 and Tr660), disintegration time (DT), weight loss (WL), microstructure and thermal properties | J9: 1 | L9: 0.5 | M9: No ASTM or ISO mentioned | N9: 1 | O9: Unplastisized pullulan films | P9: 1 | Q9: >3 for barrier properties, and 3 different locations per film for thickness | R9: 1 | S9: In text, including standard deviations | T9: 1 | U9: Conclusions supported by literature, comparability discussed. | V9: =SUM(H9,J9,L9,N9,P9,R9,T9)/7 -> 0.92857143 | W9: Yes
A10: 24 | B10: Gil-Guillén, I.; Gonçalves, I.; Ferreira, P.; González Martínez, C.; Chiralt, A. | C10: Biodegradable Antioxidant Composites with Almond Skin Powder | D10: 2025 | E10: Polymers | F10: 10.3390/polym17162201 | G10: PLA | H10: 1 | I10: The aim of this study was to produce PVA and PLA composite films with defatted almond skin (AS) powder to lower the cost of food packaging materials while providing the films with antioxidant capacity. The biocomposite films were obtained by melt blending and compression moulding with different ratios of AS (0, 5%, 10%, and 15%) and characterised as to their functional (mechanical, barrier, and optical) properties as packaging materials as well as to their microstructure and thermal behaviour. Likewise, their antioxidant capacity and their ability to prevent the oxidation of sunflower oil (as an unsaturated fat model) were analysed. | J10: 1 | L10: 1 | N10: 1 | O10: PLA and PVA as control | P10: 0.5 | Q10: >3 replicates for barrier properties, thickness not specified | R10: 1 | S10: Table including standard deviations | T10: 1 | U10: Conclusions supported by literature, comparability discussed. | V10: =SUM(H10,J10,L10,N10,P10,R10,T10)/7 -> 0.92857143 | W10: Yes
A11: 27 | B11: Athanasopoulou, E.; Katsiroumpa, A.; Gardeli, C.; Tsironi, T. | C11: Comparative study of packaging materials developed from fish and legume protein concentrates | D11: 2025 | E11: Future Foods | F11: 10.1016/j.fufo.2025.100563 | G11: Gelatin | H11: 1 | I11: Τhe objective of the present study is to evaluate the potential of fish and pulse tissues to . be used as alternative raw materials for food packaging.This study investigates the isolation process of biopolymers from legumes (lentil) products and fish (gilthead seabream) waste, with the aim of producing composite films. | J11: 1 | L11: 1 | N11: 1 | O11: Neat pectin and gelatin as control | P11: 1 | Q11: >3 for barrier properties, and 10 different locations per film for thickness | R11: 1 | S11: Table including standard deviations | T11: 1 | U11: Conclusions supported by literature, comparability discussed. | V11: =SUM(H11,J11,L11,N11,P11,R11,T11)/7 -> 1 | W11: Yes
A12: 33 | B12: Ocampo-Gómez, Y.A.; Rico-Rodriguez, F.; González-Cuello, R.; Hernández-Fernández, J.; Ortega-Toro, R. | C12: Effect of the Addition of Banana Stem Lignin (Musa acuminata ssp. balbisiana var. Dominico-Harton) on the Physicochemical Properties of Biodegradable Composites Based on Methylhydroxyethylcellulose | D12: 2025 | E12: Journal of Composites Science | F12: 10.3390/jcs9050244 | G12: Cellulose | H12: 1 | I12: Therefore, the main objective is to study the effect of the addition of lignin from banana (Musa Aab S. var Dominico-Harton) on the physicochemical properties of biodegradable MHEC films | J12: 1 | L12: 1 | N12: 1 | O12: Methyl Hydroxyethyl Cellulose with glycerol as control | P12: 0.5 | Q12: >3 replicates for barrier properties, thickness not specified | R12: 1 | S12: Table including standard deviations | T12: 0.5 | U12: Conclusions supported, but limitations or comparability not discussed | V12: =SUM(H12,J12,L12,N12,P12,R12,T12)/7 -> 0.85714286 | W12: Yes
A13: 34 | B13: de Lima Silva, I.D.; Caetano, V.F.; de Andrade, M.F.; de Moraes Filho, L.E.P.T.; de Almeida, Y.M.B.; Simões, A.; Brito, A.M.S.S.; Vinhas, G.M. | C13: Evaluation of the physical–chemical properties of the blend of arrowroot starch and cactus mucilage | D13: 2025 | E13: Polymer Engineering and Science | F13: 10.1002/pen.27124 | G13: Starch | H13: 1 | I13: The aim of this study was to create a novel biopolymer blend with enhanced properties for potential use in food packaging. | J13: 0.5 | K13: Overall parameters are well described, except for some instruments and how thickness is measured is missing. | L13: 1 | N13: 1 | O13: 100% arrowroot starch (ST/MU—100/0) and 100% mucilage (ST/MU—0/100) serve as neat controls | P13: 0.5 | Q13: >3 replicates for barrier properties, thickness not specified | R13: 1 | S13: Table including standard deviations | T13: 0.5 | U13: Conclusions supported, but limitations or comparability not discussed | V13: =SUM(H13,J13,L13,N13,P13,R13,T13)/7 -> 0.78571429 | W13: Yes
A14: 39 | B14: Manfroni, M.; Coatti, A.; Soccio, M.; Siracusa, V.; Boanini, E.; Salatelli, E.; Lotti, N. | C14: Eco-design of biobased poly(butylene succinate-b-pentamethylene 2,5-furanoate) copolymers with optimized mechanical, thermal and barrier properties for flexible food-packaging | D14: 2025 | E14: European Polymer Journal | F14: 10.1016/j.eurpolymj.2025.113728 | G14: PBS | H14: 1 | I14: In this research, we explored the combination of the favourable thermo-mechanical properties of PBS with the excellent barrier properties and elastic behavior of PPeF, both polymers being fully biobased, to create a single-layer material suitable for use in flexible food packaging | J14: 0.5 | K14: Well described, thickness is not measured, because of compression moulding | L14: 1 | N14: 1 | O14: Neat PBS and PPeF as controls | P14: 0.5 | Q14: >3 replicates for barrier properties, thickness not measured because of compression moulding | R14: 0.5 | S14: Table including standard deviations, but not for thickness | T14: 1 | U14: Conclusions supported by literature, comparability discussed. | V14: =SUM(H14,J14,L14,N14,P14,R14,T14)/7 -> 0.78571429 | W14: Yes
A15: 44 | B15: Abdalrazeq, M.; Aref, D.; Mariniello, L.; Giosafatto, C.V.L. | C15: Microbial Transglutaminase-Mediated Modification of Heat-Denatured Whey Proteins for the Preparation of Bio-Based Materials | D15: 2025 | E15: Coatings | F15: 10.3390/coatings15010066 | G15: Whey protein | H15: 1 | I15: Therefore, this study, for the first time, investigated the effect of the crosslinking mediated by mTG on WPs-based hydrocolloid materials prepared via the casting method under pH 12, since by treating the solutions under these conditions, more transparent, flexible, and homogeneous films could be obtained | J15: 1 | L15: 1 | N15: 1 | O15: Non modified whey protein is used as control | P15: 1 | Q15: Barrier properties are measured 5 times, thickness is measured 5 times per film at different spots | R15: 1 | S15: Table including standard deviations | T15: 0.5 | U15: Limited explanations by literature, limited comparison to literature | V15: =SUM(H15,J15,L15,N15,P15,R15,T15)/7 -> 0.92857143 | W15: Yes
A16: 53 | B16: Bianchi, E.; Papadopoulos, L.; Soccio, M.; Siracusa, V.; Gazzano, M.; Robert, T.; Bikiaris, D.N.; Lotti, N. | C16: Mechanical properties, gas permeability and biodegradation mechanism of biobased poly(ester amide)s from 2,5-furandicarboxylic acid and amido diols for sustainable food packaging | D16: 2024 | E16: Polymer Degradation and Stability | F16: 10.1016/j.polymdegradstab.2024.111049 | G16: FDCA derivative | H16: 0.5 | I16: Aim vaguely mentioned in introduction, more specific in abstract. The aim of this work was to evaluate the functional properties of a family of poly(ester amide)s (PEAs) for flexible food packaging applications. | J16: 1 | K16: Well described, thickness is not measured, because of compression moulding | L16: 1 | N16: 1 | O16: Unmodified PDF als control | P16: 0 | Q16: Not specified for barrier properties and thickness not measured because of compression molding | R16: 1 | S16: Table including standard deviations | T16: 0.5 | U16: Conclusions supported, limitations acknowledged, and comparability discussed, but barrier property experiment has been interrupted and gthe results are extrapolated | V16: =SUM(H16,J16,L16,N16,P16,R16,T16)/7 -> 0.71428571 | W16: No
A17: 55 | B17: Pech-Cohuo, S.C.; Dzul-Cervantes, M.A.D.A.; Pérez-Pacheco, E.; Rosado, J.A.C.; Chim-Chi, Y.A.; Ríos-Soberanis, C.R.; Cuevas-Carballo, Z.B.; Uc-Cayetano, E.G.; Can-Herrera, L.A.; Ortiz-Fernández, A.; Collí-Pacheco, J.P.; Mina-Hernández, J.H.; Pérez‑Padilla, Y. | C17: Effect of clays incorporation on properties of thermoplastic starch/clay composite bio-based polymer blends | D17: 2024 | E17: Scientific Reports | F17: 10.1038/s41598-024-69092-1 | G17: Starch | H17: 1 | I17: In this study, thermoplastic starch bioplastics were developed using starch isolated from huaya seeds and reinforced with bentonite clays extracted and purified from Tepakán, Calkiní, Campeche, Mexico. These bioplastics were characterized to evaluate their mechanical, thermal, and barrier properties, aiming to explore their potential application in food packaging. | J17: 1 | L17: 1 | N17: 1 | O17: Starch without clay | P17: 1 | Q17: >3 for barrier properties, and 5 different locations per film for thickness | R17: 0.5 | S17: Vlues are shown in bar chart without complete values | T17: 1 | U17: Conclusions supported by literature, comparability discussed. | V17: =SUM(H17,J17,L17,N17,P17,R17,T17)/7 -> 0.92857143 | W17: Yes
A18: 63 | B18: Bianchi, E.; Soccio, M.; Siracusa, V.; Gazzano, M.; Thiyagarajan, S.; Lotti, N. | C18: Poly(alkylene 2,4-furanoate)s: The potential of structural isomerism for outstanding sustainable food packaging and unexpected evidence of self-healing microstructure | D18: 2024 | E18: Reactive and Functional Polymers | F18: 10.1016/j.reactfunctpolym.2024.106010 | G18: FDCA derivative | H18: 1 | I18: Therefore, the purpose of the present work was to use the dimethyl ester of 2,4-FDCA to synthesize, compression mold and characterize poly(propylene 2,4-furanoate) (2,4-PPF) from 1,3-propanediol, poly(pentamethylene 2,4-furanoate) (2,4-PPeF) from 1,5-pentanediol and poly(hexamethylene 2,4-furanoate) (2,4-PHF) from 1,6-hexanediol. | J18: 0.5 | K18: Well described, but hard to read and thickness is not measured, because of compression moulding | L18: 1 | N18: 0 | O18: Comparator unclear | P18: 0.5 | Q18: >3 replicates for barrier properties, thickness not measured because of compression moulding | R18: 0.5 | S18: Table, but without standard deviation | T18: 1 | U18: Conclusions supported by literature, comparability discussed. | V18: =SUM(H18,J18,L18,N18,P18,R18,T18)/7 -> 0.64285714 | W18: No
A19: 64 | B19: Maitha, I.M.; Okoth, M.W.; Njue, L.G.; Mbuge, D.O. | C19: Development of eco-friendly food packaging bio-film from cassava starch plasticized with coconut oil | D19: 2024 | E19: East African Journal of Science, Technology and Innovation | F19: 10.37425/68e3hv02 | G19: Starch | H19: 0.5 | I19: The present study aimed at developing and testing bio-based films that can preserve the quality of food products, reduce their contamination during storage, and increase their marketability and attractiveness. --> Not very clear or focused | J19: 1 | L19: 1 | N19: 0 | O19: Aluminium is used as control, which is not a polymer | P19: 1 | Q19: >3 for barrier properties, and 10 different locations per film for thickness | R19: 0.5 | S19: Text and graph, but no standard deviation | T19: 1 | U19: Conclusions supported by literature, comparability discussed. | V19: =SUM(H19,J19,L19,N19,P19,R19,T19)/7 -> 0.71428571 | W19: No
A20: 71 | B20: Samaniego-Aguilar, K.; Sánchez-Safont, E.; Pisa-Ripoll, I.; Torres-Giner, S.; Flores, Y.; Lagaron, J.M.; Cabedo, L.; Gamez-Perez, J. | C20: Performance Enhancement of Biopolyester Blends by Reactive Compatibilization with Maleic Anhydride-Grafted Poly(butylene succinate-co-adipate) | D20: 2024 | E20: Polymers | F20: 10.3390/polym16162325 | G20: PHBV | H20: 1 | I20: The objective of the study was to improve the mechanical properties, specifically toughness, and barrier properties against water, limonene vapors, and oxygen of PHBV/PBSA blends through reactive extrusion (REx) using PBSA grafted with maleic anhydride (PBSA-g-MAH) | J20: 1 | K20: Well described, thickness is not measured, because of extrusion | L20: 1 | N20: 1 | O20: Neat PHBV and PBSA | P20: 0.5 | Q20: >3 replicates for barrier properties, thickness not measured because of compression moulding | R20: 1 | S20: Table including standard deviations | T20: 1 | U20: Conclusions supported by literature, comparability discussed. | V20: =SUM(H20,J20,L20,N20,P20,R20,T20)/7 -> 0.92857143 | W20: Yes
A21: 72 | B21: Guidotti, G.; Palumbo, A.; Soccio, M.; Gazzano, M.; Salatelli, E.; Siracusa, V.; Lotti, N. | C21: Fully Bio-Based Blends of Poly (Pentamethylene Furanoate) and Poly (Hexamethylene Furanoate) for Sustainable and Flexible Packaging | D21: 2024 | E21: Polymers | F21: 10.3390/polym16162342 | G21: FDCA derivative | H21: 0.5 | I21: the aim of the present study is the realization of bio-based polymeric blends, characterized by suitable mechanical and gas barrier properties for food packaging application. Not sharply formulated, broad. | J21: 1 | L21: 1 | N21: 1 | O21: Neat PHF and PPeF | P21: 0.5 | Q21: >3 replicates for barrier properties, thickness not measured because of compression moulding | R21: 0.5 | S21: Bar chart without values | T21: 1 | U21: Conclusions supported by literature, comparability discussed. | V21: =SUM(H21,J21,L21,N21,P21,R21,T21)/7 -> 0.78571429 | W21: Yes
A22: 73 | B22: Mwita, C.S.; Muhammad, R.; Nettey-Oppong, E.E.; Enkhbayar, D.; Ali, A.; Ahn, J.; Kim, S.-W.; Seok, Y.-S.; Choi, S.H. | C22: Chitosan Extracted from the Biomass of Tenebrio molitor Larvae as a Sustainable Packaging Film | D22: 2024 | E22: Materials | F22: 10.3390/ma17153670 | G22: Chitosan | H22: 1 | I22: This study explores the influence of incorporating glycerol for plasticization and citric acid for cross-linking on the performance of chitosan-based films fabricated for use as food packaging material to enhance the shelf life of bananas. The specific aims of this study are to introduce new means of food packaging and to demonstrate that citric acid-incorporated chitosan films are a sustainable alternative for food packaging in terms of improved water resistance, enhanced barrier properties, and extended shelf life of bananas. | J22: 1 | L22: 1 | N22: 1 | O22: Neat chitosan | P22: 1 | Q22: >3 for barrier properties, and 5 different locations per film for thickness | R22: 1 | S22: Table including standard deviations | T22: 1 | U22: Conclusions supported by literature, comparability discussed. | V22: =SUM(H22,J22,L22,N22,P22,R22,T22)/7 -> 1 | W22: Yes
A23: 77 | B23: Benítez, J.J.; Florido-Moreno, P.; Porras-Vázquez, J.M.; Tedeschi, G.; Athanassiou, A.; Heredia-Guerrero, J.A.; Guzman-Puyol, S. | C23: Transparent, plasticized cellulose-glycerol bioplastics for food packaging applications | D23: 2024 | E23: International Journal of Biological Macromolecules | F23: 10.1016/j.ijbiomac.2024.132956 | G23: Cellulose | H23: 0.5 | I23: In this work, cellulose bioplastics prepared from TFA:TFAA solutions have been plasticized by the incorporation of glycerol in a broad range of concentrations. Not explixit, broad. | J23: 0.5 | K23: Overall parameters are well described, but how thickness is measured is missing. | L23: 1 | N23: 1 | O23: Cellulose without glycerol | P23: 0.5 | Q23: >3 replicates for barrier properties, thickness not specified | R23: 0.5 | S23: Graph without values | T23: 1 | U23: Conclusions supported by literature, comparability discussed. | V23: =SUM(H23,J23,L23,N23,P23,R23,T23)/7 -> 0.71428571 | W23: No
A24: 79 | B24: Aragón-Gutierrez, A.; Muñoz-Gimena, P.F.; Gallur, M.; Gavara, R.; López, D.; Hernańdez-Muñoz, P. | C24: Melt-Extruded Home Compostable Films Based On Blends Of Thermoplastic Gliadins And Poly(ε-Caprolactone) Intended For Food Packaging Applications | D24: 2024 | E24: Journal of Polymers and the Environment | F24: 10.1007/s10924-023-03163-8 | G24: PCL | H24: 1 | I24: Therefore, the overall objective of this research was to prepare and ascertain the performance of compostable films based on PCL blended with 30 wt. % and 50 wt. % of thermoplastic gliadins | J24: 0.5 | K24: Well described, thickness is not measured, because of extrusion | L24: 1 | N24: 1 | O24: Neat PCL | P24: 0 | Q24: Not specified for barrier properties and thickness not measured because of extrusion | R24: 0.5 | S24: For oxygen graph without values. wvp table with standard deviation | T24: 1 | U24: Conclusions supported by literature, comparability discussed. | V24: =SUM(H24,J24,L24,N24,P24,R24,T24)/7 -> 0.71428571 | W24: No
